family,variable,domain,citation,doi,year,population,sample_size_raw,sample_size_n,direction,direction_sign,effect_size_raw,effect_value,effect_type,p_value_raw,p_value_num,p_op,p_source,parsed_effect,parsed_p
hr_level,resting heart rate (mean/median HR level),clinical,"Zhang, Shen & Qi (2016), CMAJ, doi:10.1503/cmaj.150535",10.1503/cmaj.150535,2016,"general population, prospective cohorts pooled (46 studies)","1,246,203 (all-cause mortality subset; 78,349 deaths); 848,320 (CV-mortality subset; 25,800 deaths)",1246203,up (higher resting HR -> higher mortality risk),1,"RR 1.09 (95% CI 1.07-1.12) per 10 bpm increment, all-cause mortality; RR 1.08 (1.06-1.10) per 10 bpm, CV mortality; RR 1.45 (1.34-1.57) for HR>80 vs lowest category, all-cause mortality",1.09,RR,not reported in abstract (CIs exclude 1),,,,True,False
hr_level,resting heart rate,clinical,"Aune et al. (2017), Nutrition, Metabolism and Cardiovascular Diseases, doi:10.1016/j.numecd.2017.04.004",10.1016/j.numecd.2017.04.004,2017,"general population, prospective cohorts pooled (87 studies)",not specified in accessible abstract; largest dose-response HR meta-analysis to date per the authors,,up (higher resting HR -> higher risk for every endpoint studied),1,"RR per 10 bpm: CHD 1.07, sudden cardiac death 1.09, heart failure 1.18, CVD overall 1.15, total cancer 1.14, all-cause mortality 1.17; atrial fibrillation showed a non-linear/J-shaped 0.97",,,"CIs reported per endpoint (e.g. heart failure 1.10-1.27); not uniformly significant for all endpoints (sudden cardiac death CI 1.00-1.18, borderline)",,,,False,False
hr_level,max_hr (HRmax),clinical,"Tanaka, Monahan & Seals (2001), JACC, doi:10.1016/S0735-1097(00)01054-8",10.1016/S0735-1097(00)01054-8,2001,"healthy adults aged 20-86, meta-analytic pooling across 351 studies / 492 groups","18,712 subjects",18712,down (HRmax declines with age),-1,HRmax = 208 - 0.7*age; SD ~10 bpm (vs SD ~ higher for the older 220-age Fox formula),,,"not applicable (regression fit, not a hypothesis test)",,,,False,False
hr_level,"HRR (heart rate recovery, post-exercise) and resting autonomic HR markers",sports,"Bellenger et al. (2016), Sports Medicine, doi:10.1007/s40279-016-0484-2",10.1007/s40279-016-0484-2,2016,"endurance-trained athletes, pooled across 24 studies in the meta-analysis (27 in the broader systematic review)",pooled across 24 studies (per-study n not aggregated in abstract),24,"up (faster HRR, i.e. larger post-exercise HR drop) associated with BOTH positive training adaptation and overreaching-driven negative adaptation",1,"SMD=0.63 (p=0.002) for HRR increase with positive adaptation; SMD=0.46 (p<0.001) for HRR increase with negative adaptation/overreaching; resting RMSSD SMD=0.58 (p<0.001, positive) vs 0.26 (p=0.01, negative)",0.63,SMD,see effect_size column,0.002,=,effect,True,True
hr_level,mean/resting heart rate,sports,"Climstein M, Graham KS, Stapelberg M, Walsh J, DeBeliso M, Adams K, Sevene T, Harris C (2025). Electrocardiographic assessment of national-level triathletes: sinus bradycardia and other electrocardiographic abnormalities. Sports (Basel), 13(1), 25. doi:10.3390/sports13010025",10.3390/sports13010025,2025,"national-level triathletes (n=22: 11 male, 11 female) vs sedentary controls (n=7)","22 athletes, 7 controls",22,down (athletes markedly lower than controls),-1,"53.8 bpm (SD 10.3) athletes vs 72.1 bpm (SD 8.1) controls, a 34% reduction; 68.2% of athletes met sinus-bradycardia criteria (7 mild 50-59bpm, 8 moderate 40-49bpm, 1 severe <40bpm)",34.0,pct,p=0.04,0.04,=,pfield,True,True
hr_level,rate of HR increase during sub-maximal exercise (running/cycling) and its correlation with performance change,sports,"Bellenger CR, Thomson RL, Howe PRC, Karavirta L, Buckley JD (2016). Monitoring athletic training status using the maximal rate of heart rate increase. Journal of Science and Medicine in Sport, 19(7), 590-595. doi:10.1016/j.jsams.2015.07.006",10.1016/j.jsams.2015.07.006,2016,male triathletes,13,13,"down (rate of HR increase fell with heavy training, tracking performance decrements)",-1,"HR-increase-rate change: cycling -0.48±0.24, running -0.33±0.48 (standardized units); correlation with running performance r=0.65±0.34 (90% CI); performance effect after heavy training -0.18±0.09, after recovery +0.32±0.14",0.65,r,not reported numerically in accessible abstract (magnitude-based inference/CI approach used instead),,,,True,False
hr_level,heart rate (resting/mean HR),meditation,"Pascoe, Thompson, Jenkins & Ski (2017), Journal of Psychiatric Research, doi:10.1016/j.jpsychires.2017.08.004",10.1016/j.jpsychires.2017.08.004,2017,adults across 45 pooled RCTs of meditation vs active control,45 studies pooled (aggregate N not given in accessible abstract),45,down (open-monitoring meditation reduces HR; focused-attention meditation does not significantly affect HR but reduces cortisol instead),-1,"not resolved to a numeric Hedges' g for HR in the accessible abstract (full text reports subtype-specific effect sizes); overall meditation pooled across subtypes reduced cortisol, CRP, blood pressure, heart rate, triglycerides and TNF-alpha",,,not resolved in accessible abstract,,,,False,False
hr_level,resting/mean heart rate,meditation,"Shobitha M, Agarwal JL, Sadh K (2015). Effect of Dynamic Meditation, an awareness based meditation on electroencephalographic patterns, cardiovascular parameters and respiratory rate in healthy subjects. Indian Journal of Public Health Research & Development, 6(4), 29. doi:10.5958/0976-5506.2015.00193.x",10.5958/0976-5506.2015.00193.x,2015,healthy subjects,"not resolved beyond abstract-level metadata (regional journal, single-site)",,"down (reported reduction post-practice, consistent with the general narrative in this domain)",-1,not resolved (would require full-text access),,,not resolved,,,,False,False
hr_level,mean heart rate during acute meditation session,meditation,"Natarajan A (2023). Heart rate variability during mindful breathing meditation. Frontiers in Physiology, 13, 1017350. doi:10.3389/fphys.2022.1017350",10.3389/fphys.2022.1017350,2023,"Chi-meditation practitioners (n=8, 1-3 months' prior practice) and Kundalini Yoga practitioners (n=4, advanced) plus additional control cohorts (n=33 across sub-studies)",12 meditators (8+4) plus 33 controls,12,flat-to-up (essentially no change during Chi meditation; a significant INCREASE during Kundalini Yoga meditation) — contradicts the dominant 'meditation lowers HR' narrative,0,"Cohen's d=3.9 for HR increase during Kundalini Yoga (large effect, wrong-signed relative to the domain's usual claim); Autonomic Balance Index d=3.9 (Chi) and d=5.0 (Yoga) reported as the more informative HRV-derived metrics",3.9,d,reported as statistically significant for the Yoga HR increase (exact p not given in accessible summary),,,,True,False
hr_level,heart rate variability / low-frequency and very-low-frequency HR components (not raw mean HR),meditation,"Repeatability value in heart rate associated with experienced Zen meditation (2010 study referenced via IEEE CinC proceedings, 5 experienced Zen practitioners vs 5 beginners)",,2010,experienced Zen meditators (n=5) vs beginners (n=5),10 total (5 vs 5),10,mixed (LF/HF components increased for experienced meditators; VLF decreased),0,not a raw-HR-level effect size; reported as reduced within-subject SD across repeated sessions for experienced meditators,,,p=0.05,0.05,=,pfield,False,True
vagal_rmssd,RMSSD,clinical,"Koch C, Wilhelm M, Salzmann S, Rief W, Euteneuer F (2019). Psychological Medicine 49(12):1948-1957. doi:10.1017/S0033291719001351",10.1017/S0033291719001351,2019,Unmedicated adults with major depressive disorder vs. healthy controls (21 studies),2250 patients vs. 1982 controls (N=4232),2250,decreased (lower) in depression,-1,Hedges' g = -0.462 (95% CI -0.612 to -0.312),-0.462,g,p < 0.001,0.001,<,pfield,True,True
vagal_rmssd,RMSSD,clinical,"Wu Y, Miao D, Cao Y, Chi X, Xiao Y (2023). Frontiers in Public Health 11:1243213.",,2023,"Adult depressed patients vs. healthy controls, 43 studies (22 Chinese, 21 English), 2000-2021 publication window, multiple countries",2359 patients vs. 3547 controls,2359,decreased (lower) in depression,-1,d = -0.51 (95% CI -0.69 to -0.33),-0.51,d,p < 0.001,0.001,<,pfield,True,True
vagal_rmssd,pNN50,clinical,"Wu Y, Miao D, Cao Y, Chi X, Xiao Y (2023). Frontiers in Public Health 11:1243213.",,2023,"Adult depressed patients vs. healthy controls, 43 studies",2359 patients vs. 3547 controls,2359,decreased (lower) in depression,-1,d = -0.43 (95% CI -0.59 to -0.27),-0.43,d,p < 0.001,0.001,<,pfield,True,True
vagal_rmssd,RMSSD,sports,Bellenger CR et al. (2016). Sports Medicine 46(10):1461-1486. doi:10.1007/s40279-016-0484-2,10.1007/s40279-016-0484-2,2016,"Endurance-trained athletes, pooled across included studies (systematic review + meta-analysis)",not centrally reported in extracted summary (multi-study pooled ES),,increased with improved performance,1,ES = 0.58,0.58,SMD,,,,,True,False
vagal_rmssd,RMSSD,sports,Bellenger CR et al. (2016). Sports Medicine 46(10):1461-1486. doi:10.1007/s40279-016-0484-2,10.1007/s40279-016-0484-2,2016,Endurance-trained athletes undergoing overreaching/performance decrement,not centrally reported in extracted summary,,increased (small) with performance decrement/overreaching,1,ES = 0.26,0.26,SMD,,,,,True,False
vagal_rmssd,RMSSD,sports,"Lapo H, Chacon-Mikahil MPT, Veiga Sardeli A (2022). Physiology & Behavior 250:113780. doi:10.1016/j.physbeh.2022.113780",10.1016/j.physbeh.2022.113780,2022,"Athletes, 14 studies / 20 subgroups comparing RMSSD before/after an overload period","14 studies, 20 subgroups",14,decreased at pre-competition overload specifically,-1,SMD = -0.50 (95% CI -0.83 to -0.18),-0.5,SMD,p = 0.002,0.002,=,pfield,True,True
vagal_rmssd,RMSSD (vagal-related HRV indices),sports,HRV-Guided Training meta-analysis (2021). Int J Environ Res Public Health 18(19):10299. doi:10.3390/ijerph181910299,10.3390/ijerph181910299,2021,Endurance athletes comparing HRV-guided vs. predefined training programs,multi-study pooled (systematic review + meta-analysis),,increased (favoring HRV-guided training for maintaining/improving vagal HRV),1,SMD = 0.50 (95% CI 0.09 to 0.91),0.5,SMD,significant (CI excludes 0),,,,True,False
vagal_rmssd,RMSSD,meditation,"Rådmark L, Sidorchuk A, Osika W, Niemi M (2019). J Clin Med 8(10):1638. doi:10.3390/jcm8101638",10.3390/jcm8101638,2019,"Mindfulness-based intervention trials (RCTs/non-RCTs), pooled (3 original studies for RMSSD)",3 studies pooled,,no effect / null,0,Hedges' g = 0.02 (95% CI -0.44 to 0.49),0.02,g,p = 0.92,0.92,=,pfield,True,True
vagal_rmssd,"RMSSD, pNN50",meditation,Effects of Rajyoga mindfulness meditation training on heart rate variability in panic disorder: A randomized controlled trial. Indian Journal of Psychiatry (2025). doi:10.4103/indianjpsychiatry.indianjpsychiatry_323_24,10.4103/indianjpsychiatry.indianjpsychiatry_323_24,2025,"Adults with panic disorder, RCT (8-week Rajyoga meditation vs. waitlist/standard treatment)","n=110 (55 intervention, 55 control)",110,increased vs. control,1,not reported numerically in extracted summary (reported as significant group difference),,,p < 0.05,0.05,<,pfield,False,True
vagal_rmssd,RMSSD,meditation,"An H, Kulkarni R, Nagarathna R, Nagendra HR (2010). Measures of heart rate variability in women following a meditation technique. International Journal of Yoga.",,2010,"28 healthy female volunteers, mean age 25±3.4 years, pre/post cyclic meditation",n=28,28,increased after cyclic meditation,1,not reported numerically in extracted summary,,,p = 0.037,0.037,=,pfield,False,True
vagal_rmssd,pNN50,meditation,"An H, Kulkarni R, Nagarathna R, Nagendra HR (2010). International Journal of Yoga.",,2010,"28 healthy female volunteers, pre/post cyclic meditation",n=28,28,increased after cyclic meditation,1,not reported numerically in extracted summary,,,p = 0.007,0.007,=,pfield,False,True
vagal_rmssd,RMSSD,meditation,Daily Stress and Heart Rate Variability Among Mindfulness Meditation Practitioners: An mHealth Observational Study. Journal of Medical Internet Research 2026;28:e78244.,10.2196/78244,2026,"90 participants: 19 meditation practitioners, 32 recreational runners (active control), 39 sedentary/non-practicing controls; 3-week mHealth observational study, Garmin-derived HRV",n=90 (19 meditators),90,"increased acutely during meditation practice, sustained ~30 min post-practice",1,+4.68 ms (95% CI 2.96 to 6.38),,,CI excludes 0 (implied significant),,,,False,False
vagal_rmssd,HRV (RMSSD/HF composite reported in study; exact per-measure stats not confirmed in available excerpts),meditation,"Krygier JR, Heathers JAJ, Shahrestani S, Abbott MJ, Gross JJ, Kemp AH (2013). Mindfulness meditation, well-being, and heart rate variability: a preliminary investigation into the impact of intensive Vipassana meditation. International Journal of Psychophysiology 89(3):305-313. doi:10.1016/j.ijpsycho.2013.06.017",10.1016/j.ijpsycho.2013.06.017,2013,"Intensive 10-day Vipassana meditation retreat participants, pre/post (measured ~4 days after program end)",not specified in extracted summary,,"no significant main effect of time found on HRV in this particular study, despite subjective well-being improving",0,not confirmed,,,not confirmed,,,,False,False
other_entropy,"mse (Area5, Area6-20, Slope5 multiscale sample entropy)",clinical,"Ho Y-L, Lin C, Lin Y-H, Lo M-T (2011). The Prognostic Value of Non-Linear Analysis of Heart Rate Variability in Patients with Congestive Heart Failure—A Pilot Study of Multiscale Entropy. PLOS ONE, 6(4):e18699.",10.1371/journal.pone.0018699,2011,"Systolic heart failure patients (LVEF<45%), n=40 (30M/10F, mean age 56±16); mortality/transplant n=6 vs survivors n=34",n=40 (6 events),40,"lower entropy (Area5, Area6-20) associated with mortality/transplant",-1,AUC=0.858±0.075 for Area6-20; cutoff Area6-20≤21.2,0.858,AUC,"p=0.027 (Area5), p=0.021 (Area6-20), p=0.0014 (cutoff)",0.027,range,pfield,True,True
other_entropy,"renyi0/renyi1/renyi2 (Renyi entropy, scaling exponent alpha -5 to +5)",clinical,"Cornforth DJ, Tarvainen MP, Jelinek HF (2014). How to Calculate Renyi Entropy from Heart Rate Variability, and Why it Matters for Detecting Cardiac Autonomic Neuropathy. Frontiers in Bioengineering and Biotechnology, 2:34.",10.3389/fbioe.2014.00034,2014,"Diabetes clinic patients stratified as Normal (N), Early CAN (E), Definite CAN (D)","N=71, E=67, D=11",71,lower/reduced entropy variability in definite CAN vs normal,-1,Pearson r^2 with SD 0.31-0.43,,,"Definite vs Normal p=0.00278 (λ=8), Normal vs Early p=0.000115 (λ=16)",0.00278,=,pfield,False,True
other_entropy,renyi (RdisEn distribution entropy variant),clinical,"Shi M, Zhan C, He H, et al. (2019). Renyi Distribution Entropy Analysis of Short-Term Heart Rate Variability Signals and Its Application in Coronary Artery Disease Detection. Frontiers in Physiology, 10:809.",10.3389/fphys.2019.00809,2019,"CAD patients vs normal (20 elderly 68-85y, 20 young 21-34y); 80 HRV beat-segments per class","7 CAD patients / 40 normal subjects, 80 vs 80 segments",40,lower/altered RdisEn distinguishes CAD from normal,-1,"Classification accuracy 97.5%, sensitivity 100%, specificity 95%",97.5,accuracy_pct,p=3.15E-5,3.15e-05,=,pfield,True,True
other_entropy,svd_en,clinical,"Li SY, Yang M, Li CC, et al. (2008). Analysis of heart rate variability based on singular value decomposition entropy. Journal of Shanghai University (English Edition), 12, 433-437.",10.1007/s11741-008-0511-3,2008,Congestive heart failure patients vs healthy subjects,not specified in abstract,,"lower SvdEn in CHF, fully separable from healthy; SvdEn also decreases with age",-1,SvdEn=0.056±0.006 in CHF,,,p<0.01,0.01,<,pfield,False,True
other_entropy,"mse, fuzzyen (multiscale sample & fuzzy entropy)",clinical,"Frassineti L, Lanatà A, Olmi B, Manfredi C (2021). Multiscale Entropy Analysis of Heart Rate Variability in Neonatal Patients with and without Seizures. Bioengineering (Basel), 8(9):122.",10.3390/bioengineering8090122,2021,"Neonates, Helsinki University Hospital public EEG/ECG dataset",33 with seizures vs 19 seizure-free (n=52),33,lower entropy in neonates with seizures vs seizure-free,-1,most consistent for multiscale fuzzy entropy across scales 2-6,,,p=0.0054-0.0064 (MSE scales 3-6); p=0.0011-0.0316 (MFE scales 2-6),0.0054,range,pfield,False,True
other_entropy,"mse (mean sample entropy at VLF2 scale, 90-300s)",clinical,"Watanabe E, Kiyono K, Hayano J, et al. (2015). Multiscale Entropy of the Heart Rate Variability for the Prediction of an Ischemic Stroke in Patients with Permanent Atrial Fibrillation. PLOS ONE, 10(9):e0137144.",10.1371/journal.pone.0137144,2015,"Permanent atrial fibrillation patients, mean age 69±11, 71% male, 3.8y follow-up",n=173 (22 strokes / 151 no stroke),173,HIGHER entropy predicted stroke (opposite of typical low-entropy-in-disease pattern),1,HR=1.80 per 1-SD increment (95% CI 1.17-2.07); C-statistic 0.66 (95% CI 0.53-0.79),1.8,HR,P<0.01,0.01,<,pfield,True,True
other_entropy,"fuzzyen, shan_en (FuzzEn, ShanEn, plus ApEn/SampEn)",clinical,"Byun S, Kim AY, Jang EH, Kim S, Choi KW, Yu HY, Jeon HJ (2019). Entropy analysis of heart rate variability and its application to recognize major depressive disorder: A pilot study. Technology and Health Care, 27(Suppl 1):407-424.",10.3233/THC-199037,2019,"MDD patients (DSM-IV) vs matched healthy controls, 24 females each",33 MDD / 33 controls,33,lower entropy in MDD group (all 4 indices) but NOT statistically significant at group level,-1,"SVM classification accuracy 70% (sensitivity 64%, specificity 76%)",70.0,accuracy_pct,p>0.05 for raw group entropy difference; p<0.01 for task-effect on entropy,0.05,>,pfield,True,True
other_entropy,spec_en (spectral entropy of RR intervals),clinical,"Luongo G, Rees F, Nairn D, et al. (2022). Machine Learning Using a Single-Lead ECG to Identify Patients With Atrial Fibrillation-Induced Heart Failure. Frontiers in Cardiovascular Medicine, 9:812719.",10.3389/fcvm.2022.812719,2022,AF-induced heart failure patients vs controls,"26 AF-HF / 26 control (test subset 6 vs 6, ~1000 5-min segments)",26,"altered spectral entropy (with mean RR, RMSSD) stratifies AF-HF from controls",0,"Accuracy 73.5%, specificity 91.4%, sensitivity 64.7%, PPV 87.0%; patient-level 83.33% correct",73.5,accuracy_pct,"feature distributions differ, Wilcoxon p<0.05",0.05,<,pfield,True,True
other_entropy,"other (approximate/sample entropy on HR and SpO2, precursor family measures)",sports,"Cabanas AM, Fuentes-Guajardo M, Sáez N, et al. (2024). Exploring the Hidden Complexity: Entropy Analysis in Pulse Oximetry of Female Athletes. Biosensors, 14(1):52.",10.3390/bios14010052,2024,"Female competitive athletes, ages 13-55, stratified by fitness level (excellent/good/medium)",n=27,27,"higher fitness associated with modestly greater entropy for HR-derived ApEn/SampEn, but SpO2-derived entropy inconsistent",1,"ApEn(HR): excellent 0.60±0.09 vs medium 0.57±0.13 (small, overlapping)",,,"not reported / large SDs noted, cautious interpretation urged",,,,False,False
other_entropy,"shan_en (Shannon entropy on HR, speed, cadence, VO2, VCO2)",sports,"Palacin F, Poinsard L, Billat V (2024). Multidimensional Analysis of Physiological Entropy during Self-Paced Marathon Running. Sports (Basel), 12(9):252.",10.3390/sports12090252,2024,"Recreational male marathon runners, mean age 40.1±10.6y",n=9,,entropy of HR/speed/cadence increased approaching and after the 'wall' (~30km),1,"PCA F1=47.13% variance, F2=17.19%; 2-4 runner response clusters",,,threshold p<0.05 used but no per-entropy p-value reported for the trend,0.05,<,pfield,False,True
other_entropy,mse (multiscale sample & dispersion entropy),sports,"Fazan FS, Brognara F, Fazan Junior R, Murta Junior LO, Silva LEV (2018). Changes in the Complexity of Heart Rate Variability with Exercise Training Measured by Multiscale Entropy-Based Measurements. Entropy (Basel), 20(1):47.",10.3390/e20010047,2018,"Male Wistar rats (animal model), trained vs sedentary",n=13 trained / n=12 sedentary (n=25 total),13,"training modestly increased complexity, but MSE/MDE main indices showed no significant group difference; only a derived q-parameter (qmax) differed",1,qmax difference at scales 6-20,,,p<0.05 (qmax only); MSE/MDE not significant,0.05,<,pfield,False,True
other_entropy,shan_en (entropy of R-wave/RR fluctuations),meditation,Ghatak SK (2021). Effect of Meditation on Heart Rate Variability. arXiv:2107.08644 [physics.med-ph].,10.48550/arXiv.2107.08644,2021,Disciples of Ramakrishna Mission (meditators),not stated in abstract,,entropy reduced after meditation,-1,not reported,,,not reported,,,,False,False
other_entropy,"other (sample entropy, precursor to fuzzyen; m=2, r=0.2, 300 RR intervals)",meditation,"An H, Kulkarni R, Nagarathna R, Nagendra HR (2010). Measures of heart rate variability in women following a meditation technique. International Journal of Yoga, 3(1):6-9.",10.4103/0973-6131.66772,2010,"Healthy women, mean age 25±3.4y, cyclic meditation (CM) vs supine rest control",n=28,28,SampEn increased after CM (opposite of the review's dominant direction),1,effect size 0.2 (CM) vs 0.02 (control); post-hoc power 0.3,0.2,ES,"p=0.268 (not significant); pNN30 p=0.003, pNN50 p=0.007, HR p<0.001 (time-domain measures were significant, entropy was not)",0.268,=,pfield,True,True
other_entropy,"other (bispectrum / higher-order spectral complexity, adjacent to but not identical to spec_en)",meditation,"Goshvarpour A, Goshvarpour A (2013). Comparison of higher order spectra in heart rate signals during two techniques of meditation: Chi and Kundalini meditation. Cognitive Neurodynamics, 7(2):119-129.",10.1007/s11571-012-9215-z,2013,"Meditation practitioners, Chi (Qigong) vs Kundalini Yoga",not specified in available abstract,,"bispectrum magnitude decreased significantly during Chi meditation, increased during Kundalini meditation -- technique-dependent, opposite directions within the same paper",0,not reported,,,p<0.05,0.05,<,pfield,False,True
poincare,Poincaré plot shape (comet vs torpedo/complex),clinical,"Woo MA, Stevenson WG, Moser DK, Trelease RB, Harper RM. 'Patterns of beat-to-beat heart rate variability in advanced heart failure.' Am Heart J. 1992;123(3):704-710. PMID 1539521",,1992,"24 healthy controls vs 24 advanced heart failure patients, 24-h Holter",n=48 (24 vs 24),48,down (loss of comet/normal beat-to-beat dispersion pattern in HF; 0/24 HF patients retained comet shape vs 24/24 controls),-1,"categorical pattern shift, not a continuous d/r",,,not reported as single p-value (qualitative classification),,,,False,False
poincare,Poincaré plot shape/geometry,clinical,"Brouwer J, van Veldhuisen DJ, Man in 't Veld AJ, et al. J Am Coll Cardiol. 1996;28(5):1183-1190 (prognostic value of HRV during long-term follow-up in mild-to-moderate heart failure)",,1996,mild-to-moderate chronic heart failure patients,n=95,95,down (abnormal/narrow shape associated with worse prognosis),-1,independent prognostic value reported; exact HR/p not retrieved from secondary source,,,not retrieved,,,,False,False
poincare,sd2_sd1 (SD1/SD2 ratio),clinical,"Laitio TT, Huikuri HV, Kentala ESH, Mäkikallio TH, Jalonen JR, Helenius H, et al. 'Correlation properties and complexity of perioperative RR-interval dynamics in coronary artery bypass surgery patients.' Anesthesiology. 2000;93(1):69-80.",,2000,coronary artery bypass graft (CABG) surgery patients,n≈40,40,down/altered (reduced SD1/SD2 ratio was the most powerful independent predictor of postoperative myocardial ischemia),-1,reported as strongest independent predictor among nonlinear indices; exact OR not retrieved,,,not retrieved from secondary source,,,,False,False
poincare,"sd2, sd2_sd1",clinical,"Milovanović B, et al. 'Associations of Poincaré Plot-Derived Parameters with Heart Rate Variability and Autonomic Reflex Testing in a Real-World Clinical Population.' Diagnostics. 2026;16(7):1016. doi:10.3390/diagnostics16071016",,2026,real-world clinical patients referred for autonomic dysfunction evaluation (68% female),n=269,269,"SD2 strongly positively correlated with SDNN; SD2/SD1 strongly inversely correlated with vagal autonomic index (VAI), i.e. higher ratio = more sympathetic-relative predominance; SD1 lower in patients with abnormal deep-breathing HR response",0,SD2 vs SDNN r=0.946; SD2/SD1 vs VAI ρ=-0.980,0.946,r,p<0.05 after FDR correction (main correlations); SD1 abnormal-breathing comparison p=0.012; orthostatic-hypotension subgroup comparison NS p=0.627,0.05,<,pfield,True,True
poincare,"sd1, sd2_sd1",clinical,"Poincaré plot analysis of heart rate variability in diabetic patients in the UAE (IEEE Xplore conference paper, doi accessible via IEEE 6783280)",,not confirmed (post-2010 conference),"Type 2 diabetes patients vs age/sex-matched controls, UAE",n=41 diabetic vs 45 control (≈86 total),41,"down (SD1 and SD1/SD2 significantly lower in diabetics, indicating early cardiac autonomic neuropathy)",-1,not retrieved (group means/CIs not extracted),,,"reported significant, exact value not retrieved",,,,False,False
poincare,"sd1, sd2",clinical,Heart rate variability analysed by Poincaré plot in patients with metabolic syndrome. J Electrocardiol (ScienceDirect S0022073615003726),,not confirmed precisely (~2016),metabolic syndrome (MetS) patients vs healthy controls,n=33 MetS vs 31 control,33,"down (both SD1 and SD2 significantly lower in MetS, supine position; SD2 also lower during tilt)",-1,"not reported as d/r, only p-values",,,"SD1 p=0.03 (supine); SD2 p=0.002 (supine), p=0.004 (tilt)",0.03,=,pfield,False,True
poincare,"sd1, sd2",clinical,"Correlation among Poincare plot and traditional HRV indices in adults with different risk levels of metabolic syndrome (Southern India cross-sectional study, Lancashire repository record)",,not confirmed,"adults graded by MetS severity: control, pre-MetS, MetS, severe MetS","n=223 (control n=64, pre-MetS n=49, MetS n=56, severe MetS n=54)",223,"down (severe MetS group had significantly lower total HRV, SD1, and SD2 vs control)",-1,not retrieved,,,"reported significant, exact value not retrieved",,,,False,False
poincare,sd2,clinical,"Byun S, Kim AY, Jang EH, Kim S, Choi KW, Yu HY, Jeon HJ. 'Detection of major depressive disorder from linear and nonlinear heart rate variability features during mental task protocol.' Comput Biol Med. 2019 (ScienceDirect S0010482519302586)",,2019,MDD patients vs healthy controls during a mental task protocol,not retrieved (blocked by paywall),,"down/altered (SD2 was the top-ranked Poincaré feature distinguishing MDD from controls across all task phases; nonlinear-feature classifier reached 74.4% accuracy, 73% sensitivity, 75.6% specificity)",-1,classification accuracy 74.4%,74.4,accuracy_pct,not retrieved,,,,True,False
poincare,"sd1, sd2, sd2_sd1 (reported as SD1/SD2)",clinical,"Dimitriev DA, Saperova EV, Dimitriev AD. 'State Anxiety and Nonlinear Dynamics of Heart Rate Variability in Students.' PLoS ONE. 2016;11(1):e0146131.",,2016,healthy university students during exam-induced state anxiety,"n=96 (15 men, 81 women)",96,"down (SD1, SD2, and SD1/SD2 all decreased during high-anxiety exam session vs rest)",-1,correlation of SD1/SD2 with state anxiety score r=-0.20,-0.2,r,SD1 decrease p<0.01; SD2 decrease p<0.05 (high-anxiety subgroup only); SD1/SD2 decrease p<0.01; r=-0.20 correlation p<0.05,0.01,<,pfield,True,True
poincare,"sd1, sd2_sd1",sports,"Tulppo MP, Mäkikallio TH, Takala TE, Seppänen T, Huikuri HV. 'Quantitative beat-to-beat analysis of heart rate dynamics during exercise.' Am J Physiol. 1996;271(1 Pt 2):H244-H252. PMID 8760181",,1996,healthy adults undergoing graded exercise test,not retrieved (foundational methods paper),,"down (SD1 and other vagal-modulation measures decreased progressively with exercise intensity up to ventilatory threshold, after which SD1/SD2 ratio changes reflected sympathetic activation)",-1,not retrieved,,,not retrieved,,,,False,False
poincare,sd1,sports,"Mourot L, Bouhaddi M, Perrey S, Cappelle S, Henriet MT, Wolf JP, Rouillon JD, Regnard J. 'Decrease in heart rate variability with overtraining: assessment by the Poincaré plot analysis.' Clin Physiol Funct Imaging. 2004;24(1):10-18. doi:10.1046/j.1475-0961.2003.00523.x",,2004,"sedentary controls, trained athletes, overtrained athletes","n=8 sedentary, n=8 trained, n=7 overtrained (23 total)",23,"non-monotonic: up in trained vs sedentary; down in overtrained vs trained, but overtrained still above sedentary (supine SD1: sedentary 29.5±18.5 ms, trained 75.2±17.2 ms, overtrained 37.6±27.5 ms)",0,group means/SD reported; no d computed in secondary source,,,p<0.05 across groups (supine SD1),0.05,<,pfield,False,True
poincare,"sd2, sd2_sd1",sports,Poincaré plot indices as measures of sympathetic cardiac regulation: Responses to psychological stress and associations with pre-ejection period. Int J Psychophysiol. 2018. PMID 30107195,,2018,healthy adults under acute psychological (mental) stress protocol,not retrieved (paywalled),,down (Poincaré plot width/SD1 decreases under acute stress reflecting parasympathetic withdrawal); SD2 and SD2/SD1 associations with an independent sympathetic marker (pre-ejection period) were small and not robust to controlling for conventional parasympathetic HRV,-1,associations described as 'not large in magnitude'; eliminated after covariate control,,,not retrieved,,,,False,False
poincare,"sd1, sd2, sd2_sd1 (Poincaré-derived 'Stress Score' and 'Sympathetic-Parasympathetic ratio')",sports,'Modified Stress Score and Sympathetic-Parasympathetic Ratio Using Ultra-Short-Term HRV in Athletes: A Novel Approach to Autonomic Monitoring.' J Funct Morphol Kinesiol. 2025;10(3):310. doi:10.3390/jfmk10030310,,2025,"athletes, ultra-short-term HRV recordings","not retrieved (fetch blocked, 403)",403,not retrieved in detail,0,not retrieved,,,not retrieved,,,,False,False
poincare,"sd1, sd2, sd2_sd1",meditation,Ghatak SK. 'Effect of Meditation on Heart Rate Variability.' arXiv:2107.08644 [physics.med-ph]. 2021.,,2021,"disciples of the Ramakrishna Mission (RKM), meditation practitioners",not specified in abstract,,"up (magnitude of slope/curvature of the SD1/SD2 relationship vs lag number increases after meditation, described as significant nonlinear change)",1,not reported numerically in abstract,,,not reported in abstract,,,,False,False
poincare,"sd2_sd1, sd1_sd2_area",meditation,"Goshvarpour A, Goshvarpour A. 'Poincare's indices for analyzing meditative heart rate signals.' Biomed J. 2015;38(3):229-234. doi:10.4103/2319-4170.143528",,2015,"Chi (qigong) meditators, PhysioNet database recordings",n=8,,SD1/SD2 ratio increased during meditation vs baseline (most pronounced at lag-6); total Poincaré plot area decreased during meditation at both lag-1 and lag-6,1,not reported numerically beyond direction,,,p<0.05 for both the SD1/SD2 ratio increase and the area decrease,0.05,<,pfield,False,True
poincare,"sd1, sd2, sd2_sd1",meditation,"Lo PC, Tsai PH, Kang HJ, Wu Jue Miao Tian. 'Cardiorespiratory and autonomic-nervous-system functioning of drug abusers treated by Zen meditation.' J Tradit Complement Med. 2019;9(3):215-220. doi:10.1016/j.jtcme.2018.01.005",,2019,male drug abusers in rehabilitation practicing abdominal-respiration Zen meditation (including one heart-transplant recipient),n=18,18,"up (SD1, SD2, and SD2/SD1 all increased from pre-meditation rest to during-meditation session)",1,SD1 +14.7% (25.07→28.77 ms); SD2 +19.8% (46.23→55.37 ms); SD2/SD1 +8.8% (2.82→3.07),14.7,pct,SD1 p=0.039; SD2 p=0.002; SD2/SD1 p not reported,0.039,=,pfield,True,True
geometric_index,HRV triangular index (HTI),clinical,"Odemuyiwa O, Kearney M, Wathen M, et al. Comparison of the predictive characteristics of heart rate variability index and left ventricular ejection fraction for all-cause mortality, arrhythmic events and sudden death after acute myocardial infarction. Am J Cardiol. 1991;68(5):434-439.",10.1016/0002-9149(91)90774-f,1991,Survivors of acute myocardial infarction,385,385,down (lower HTI predicts higher mortality/arrhythmic risk),-1,not fully retrievable from abstract search (paywalled); reported as comparable predictive power to LVEF for all-cause mortality and superior for arrhythmic events/sudden death,,,not retrieved,,,,False,False
geometric_index,"HRV triangular index (HTI), cutoff <14.29",clinical,Heart Rate Variability Triangular Index as a Predictor of Cardiovascular Mortality in Patients With Atrial Fibrillation. J Am Heart Assoc. 2020.,10.1161/JAHA.120.016075,2020,"Swiss Atrial Fibrillation (Swiss-AF) Cohort Study, patients in sinus rhythm or AF",1922,1922,down (HTI below cutoff predicts higher mortality),-1,HR 1.7 (95% CI 1.1-2.6) cardiovascular death; HR 1.42 (95% CI 1.02-1.98) all-cause death,1.7,HR,P=0.01 (CV death); P=0.04 (all-cause death),0.01,=,pfield,True,True
geometric_index,"HRV triangular index (HTI), quartiles (Q1 <=18.245 ... Q4 >=34.308, median 26.3)",clinical,"Braunisch MC, et al. U-Shaped Association of the Heart Rate Variability Triangular Index and Mortality in Hemodialysis Patients With Atrial Fibrillation. Front Cardiovasc Med. 2021;8:751052.",10.3389/fcvm.2021.751052,2021,"Hemodialysis patients with atrial fibrillation or AF history, median age 76.4y",88,88,"U-shaped (both very low and very high HTI predict worse outcomes, not monotonic 'down')",0,"HR 6.2 (95% CI 2.1-17.7) outer vs inner quartiles, cardiovascular mortality; HR 2.2 (95% CI 1.3-3.8) all-cause mortality",6.2,HR,P=0.001 (CV mortality); P=0.002 (all-cause mortality),0.001,=,pfield,True,True
geometric_index,RRTri (triangular index) and TINN,clinical,"Silva AKF, Christofaro DGD, Bernardo AFB, Vanderlei FM, Vanderlei LCM. Sensitivity, Specificity and Predictive Value of Heart Rate Variability Indices in Type 1 Diabetes Mellitus. Arq Bras Cardiol. 2017;108(3):255-262.",10.5935/abc.20170024,2017,Type 1 diabetes mellitus patients (18-30y) vs healthy controls,"88 (39 T1DM, 43 controls)",88,down (both RRTri and TINN reduced in T1DM vs controls),-1,"RRTri: sensitivity 0.69 [0.52-0.83], specificity 0.76 [0.61-0.88], AUC 0.76 [0.65-0.85]; TINN: sensitivity 0.53 [0.37-0.69], specificity 0.79 [0.64-0.90], AUC 0.63 [0.52-0.74]",0.76,AUC,"P=0.019 (RRTri, T1DM vs control); P<0.05 across most indices",0.019,=,pfield,True,True
geometric_index,HRV triangular index (HRVI),sports,"Kouidi E, Haritonidis K, Koutlianos N, Deligiannis A. Effects of athletic training on heart rate variability triangular index. Clin Physiol Funct Imaging. 2002;22(4):279-284.",10.1046/j.1475-097x.2002.00431.x,2002,"60 healthy males, 22.1+/-3.5y: 15 long-distance runners, 15 speed runners, 15 throwers, 15 non-trained controls",60,60,up (higher HRVI with endurance training status),1,Long-distance runners 62.2+/-9.6; speed runners 52.7+/-6.0; throwers 44.5+/-5.3; non-trained controls 39.3+/-6.4 (group means +/- SD),,,"P<0.05 for groups A (endurance), B (speed), C (throwers) vs D (control)",0.05,<,pfield,False,True
geometric_index,RRtri and TINN,sports,"Vanzella LM, Dagostinho DBB, de Figueiredo MPF, et al. Periodized Aerobic Interval Training Modifies Geometric Indices of Heart Rate Variability in Metabolic Syndrome. Medicina (Kaunas). 2019;55(9):532.",10.3390/medicina55090532,2019,"52 adults (26 training, 26 control) with metabolic syndrome, 40-60y",52,52,up (training group increased vs control) for RRtri; TINN also trended up but non-significant,1,RRtri change: training +1.41+/-0.57 vs control -1.25+/-0.58; TINN change: training +25.52+/-17.03 vs control -4.05+/-17.38,,,"P<0.05 (RRtri); P=0.24 (TINN, not significant)",0.05,<,pfield,False,True
geometric_index,"SDNN, SDNN index, pNN50, RMSSD (HTI/TINN NOT reported)",sports,"Kiss O, Sydo N, Vargha P, et al. Detailed heart rate variability analysis in athletes. Clin Auton Res. 2016;26(4):245-252.",10.1007/s10286-016-0360-z,2016,"138 elite/masters athletes (canoeists, kayakers, cyclists, runners) vs 100 healthy non-athletic controls","238 (138 athletes, 100 controls)",238,up (athletes show greater HRV across all reported time-domain indices),1,SDNN 225.3 vs 158.6 ms; SDNN index 99.6 vs 72.4 ms; pNN50 24.2% vs 14.4%; RMSSD 71.8 vs 50.8 ms (athletes vs controls),,,P<0.001 for all reported parameters,0.001,<,pfield,False,True
lfhf,LF,clinical,"Wu Q, Miao X, Cao Y, Chi A, Xiao T (2023). Front Public Health 11:1243213.",10.3389/fpubh.2023.1243213,2023,adult major depressive disorder patients vs healthy controls,2359 depressed / 3547 controls (43 studies),2359,down (LF lower in depression),-1,"Hedges g = -0.34, 95% CI -0.55 to -0.13",-0.34,g,0.002,,,,True,False
lfhf,hf,clinical,"Wu Q, Miao X, Cao Y, Chi A, Xiao T (2023). Front Public Health 11:1243213.",10.3389/fpubh.2023.1243213,2023,adult major depressive disorder patients vs healthy controls,2359 depressed / 3547 controls (43 studies),2359,down (HF lower in depression),-1,"Hedges g = -0.51, 95% CI -0.69 to -0.33",-0.51,g,<0.001,,,,True,False
lfhf,lf_hf_ratio,clinical,"Wu Q, Miao X, Cao Y, Chi A, Xiao T (2023). Front Public Health 11:1243213.",10.3389/fpubh.2023.1243213,2023,adult major depressive disorder patients vs healthy controls,2359 depressed / 3547 controls (43 studies),2359,none (non-significant),0,"Hedges g = -0.05, 95% CI -0.27 to 0.18",-0.05,g,0.682,,,,True,False
lfhf,hf,clinical,"Chalmers JA, Quintana DS, Abbott MJA, Kemp AH (2014). Front Psychiatry 5:80.",10.3389/fpsyt.2014.00080,2014,"anxiety disorder patients (GAD, panic, PTSD, social anxiety, OCD) vs healthy controls",2086 patients / 2294 controls (36 studies),2086,down (HF lower in anxiety disorders),-1,"Hedges g = -0.29, 95% CI -0.41 to -0.17",-0.29,g,<0.001,,,,True,False
lfhf,lf,clinical,"Chalmers JA, Quintana DS, Abbott MJA, Kemp AH (2014). Front Psychiatry 5:80.",10.3389/fpsyt.2014.00080,2014,anxiety disorder patients vs healthy controls,2086 patients / 2294 controls (36 studies),2086,none (non-significant),0,"Hedges g = -0.08, 95% CI -0.31 to 0.15",-0.08,g,0.49,,,,True,False
lfhf,hf,clinical,"Chalmers JA, Quintana DS, Abbott MJA, Kemp AH (2014). Front Psychiatry 5:80.",10.3389/fpsyt.2014.00080,2014,generalized anxiety disorder subgroup vs controls,n=68,68,down,-1,Hedges g = -0.56,-0.56,g,<0.001,,,,True,False
lfhf,lf,clinical,"Benichou T, Pereira B, Mermillod M, et al. (2018). PLoS One 13(4):e0195166.",10.1371/journal.pone.0195166,2018,type 2 diabetes mellitus patients vs healthy controls,1356 T2DM / 1576 controls (25 case-control studies),1356,down,-1,"SMD = -1.08, 95% CI -1.46 to -0.69",-1.08,SMD,<0.001,,,,True,False
lfhf,hf,clinical,"Benichou T, Pereira B, Mermillod M, et al. (2018). PLoS One 13(4):e0195166.",10.1371/journal.pone.0195166,2018,type 2 diabetes mellitus patients vs healthy controls,1356 T2DM / 1576 controls,1356,down,-1,"SMD = -0.79, 95% CI -1.09 to -0.50",-0.79,SMD,<0.001,,,,True,False
lfhf,tp,clinical,"Benichou T, Pereira B, Mermillod M, et al. (2018). PLoS One 13(4):e0195166.",10.1371/journal.pone.0195166,2018,type 2 diabetes mellitus patients vs healthy controls,1356 T2DM / 1576 controls,1356,down,-1,"SMD = -1.52, 95% CI -2.13 to -0.91",-1.52,SMD,<0.001,,,,True,False
lfhf,lf_hf_ratio,clinical,"Benichou T, Pereira B, Mermillod M, et al. (2018). PLoS One 13(4):e0195166.",10.1371/journal.pone.0195166,2018,type 2 diabetes mellitus patients vs healthy controls,1356 T2DM / 1576 controls,1356,none (non-significant),0,"SMD = 0.02, 95% CI -0.38 to 0.43",0.02,SMD,0.914,,,,True,False
lfhf,tp,clinical,"Rueda-Ochoa OL, Osorio-Romero LF, Sanchez-Mendez LD (2024). J Electrocardiol 84:42-48.",10.1016/j.jelectrocard.2024.03.006,2024,"post-acute myocardial infarction patients, prospective/observational cohorts",27 studies pooled (individual N not extracted from abstract),27,down (low TP predicts higher mortality),-1,significant association with cardiac and total mortality (pooled RR not isolated for TP alone in abstract; SDNN RR=4.19 [3.36-5.22] for cardiac mortality was the strongest single index),4.19,RR,"significant (p<0.05, exact value not isolated per index in abstract)",0.05,<,pfield,True,True
lfhf,lf_hf_ratio,clinical,"Rueda-Ochoa OL, Osorio-Romero LF, Sanchez-Mendez LD (2024). J Electrocardiol 84:42-48.",10.1016/j.jelectrocard.2024.03.006,2024,post-acute myocardial infarction patients,27 studies pooled,27,down (low LF/HF predicts higher mortality),-1,significant association with cardiac and total mortality (pooled RR not isolated for LF/HF alone in abstract),,,"significant (p<0.05, exact value not isolated per index in abstract)",0.05,<,pfield,False,True
lfhf,tp,clinical,"Escorihuela RM, Capdevila L, Ramos-Castro J, Zaragozà MC, Maurel S, Alegre J, Castro-Marrero J (2020). Reduced heart rate variability predicts fatigue severity in individuals with chronic fatigue syndrome/myalgic encephalomyelitis. J Transl Med 18:4. doi:10.1186/s12967-019-02184-z",10.1186/s12967-019-02184-z,2020,female CFS/ME patients vs age/sex-matched healthy controls,45 patients / 25 controls,45,down (lower total power associated with greater fatigue),-1,"r = -0.70 (correlation between total HRV power and fatigue rating, after outlier removal)",-0.7,r,0.02,,,,True,False
lfhf,hf,sports,"Pichot V, Roche F, Gaspoz JM, Enjolras F, Antoniadis A, Minini P, Costes F, Busso T, Lacour JR, Barthélémy JC (2000). Relation between heart rate variability and training load in middle-distance runners. Med Sci Sports Exerc 32(10):1729-1736.",10.1097/00005768-200010000-00011,2000,7 competitive middle-distance runners across a 3-week heavy training block + recovery week,n=7 (within-subject longitudinal),,down (parasympathetic/HF index decreased with heavy training),-1,decrease up to 41% during heavy training; increase 46% during recovery,41.0,pct,<0.05,,,,True,False
lfhf,lf,sports,"Pichot V, et al. (2000). Med Sci Sports Exerc 32(10):1729-1736.",10.1097/00005768-200010000-00011,2000,7 competitive middle-distance runners,n=7,,up (sympathetic/LF index increased with heavy training),1,increase up to 31% during heavy training; decrease 24% during recovery,31.0,pct,<0.05,,,,True,False
lfhf,lf_hf_ratio,sports,"Saboul D, Pialoux V, Hautier C (2014). The breathing effect of the LF/HF ratio in the heart rate variability measurements of athletes. Eur J Sport Sci 14(sup1):S282-S288.",10.1080/17461391.2012.691116,2014,"15 male athletes (French sports research center), spontaneous vs controlled breathing",n=15,15,"up (LF/HF strongly and inversely driven by lower breathing frequency, not training status)",1,low-breathing-frequency subgroup LF/HF = 6.82±4.55 vs 0.72±0.52 in higher-breathing-frequency subgroup; correlation of breathing frequency with LF/HF r=-0.69,-0.69,r,group difference p<0.001; correlation p=0.004,0.001,<,pfield,True,True
lfhf,lf,sports,"Uusitalo AL, Uusitalo AJ, Rusko HK (1998/2000 series on female endurance athletes and overload).",,1998-2000,female endurance athletes; ~9 athletes increased training volume 100-125% over 6-9 weeks vs matched controls,n≈5-9 per group,,"up (higher supine LF, interpreted as increased sympathetic modulation, in overloaded/underperforming athletes)",1,,,,,,,,False,False
lfhf,lf_hf_ratio,meditation,"Rådmark L, Sidorchuk A, Osika W, Niemi M (2019). J Clin Med 8(10):1638.",10.3390/jcm8101638,2019,"adults undergoing mindfulness-based interventions (breast cancer, stress-related complaints, heart palpitations, social anxiety disorder) vs control, pooled across 4 RCTs","n=141 (32+85+20+38 across 4 trials: Lee 2017, Nyklíček 2013, Owens 2016, Faucher 2016)",141,"none (non-significant, low heterogeneity I²=0%)",0,"Hedges g = 0.21, 95% CI -0.26 to 0.67",0.21,g,0.38,,,,True,False
lfhf,hf,meditation,"Kirk U, Axelsen JL (2020). Heart rate variability is enhanced during mindfulness practice: A randomized controlled trial involving a 10-day online-based mindfulness intervention. PLoS One 15(12):e0243488.",10.1371/journal.pone.0243488,2020,"healthy adults randomized to mindfulness, music-listening, or no-intervention control",n=90 (30 per arm),90,"none (non-significant group x time interaction, daytime)",0,"F(2,84) = 1.23",,,0.37,,,,False,False
lfhf,lf_hf_ratio,meditation,"Kirk U, Axelsen JL (2020). PLoS One 15(12):e0243488.",10.1371/journal.pone.0243488,2020,"healthy adults, mindfulness vs music vs control",n=90,90,"none (non-significant group x time interaction, daytime)",0,"F(2,84) = 1.42",,,0.24,,,,False,False
lfhf,hf,meditation,"Krygier JR, Heathers JAJ, Shahrestani S, Abbott M, Gross JJ, Kemp AH (2013). Mindfulness meditation, well-being, and heart rate variability: A preliminary investigation into the impact of intensive Vipassana meditation. Int J Psychophysiol 89(3):305-313.",10.1016/j.ijpsycho.2013.06.017,2013,"meditation retreat participants, pre/post 10-day intensive Vipassana retreat, resting baseline vs meditation task",n=36,36,"up (normalized HF increased during meditation task, more so post-retreat)",1,,,,,,,,False,False
ulf_vlf,ULF power (cut-point <8 ms^2),clinical,"Harris PRE, Stein PK, Fung GL, Drew BJ (2014). Heart rate variability measured early in patients with evolving acute coronary syndrome and 1-year outcomes of rehospitalization and mortality. Vascular Health and Risk Management 10:451-464.",10.2147/VHRM.S57524,2014,"Acute coronary syndrome patients, emergency-department presentation, 24-h Holter","n=193 (17 deaths, 8.8%)",193,down (lower ULF) -> higher mortality,-1,HR=3.8 (95% CI 1.5-10.1); combined with troponin>0.3 ng/mL identified 14/17 nonsurvivors,3.8,HR,0.007,,,,True,False
ulf_vlf,VLF power,clinical,"Hadase M, et al. (2004). Very low frequency power of heart rate variability is a powerful predictor of clinical prognosis in patients with congestive heart failure. Circulation Journal 68(4):343-347.",10.1253/circj.68.343,2004,Consecutive CHF patients with emergency admission for pulmonary-congestion exacerbation,"n=54 (7 deaths, 11 rehospitalizations during mean 19.8+/-11.7 month follow-up)",54,down (lower VLF) -> higher cardiovascular event/mortality risk,-1,reported as independent risk predictor (specific HR not extracted from abstract),,,not extracted,,,,False,False
ulf_vlf,"'Low-frequency' power as defined in this paper (0.01-0.04 Hz band, i.e. overlapping what later Task Force nomenclature calls VLF)",clinical,"Tsuji H, Venditti FJ Jr, Manders ES, Evans JC, Larson MG, Feldman CL, Levy D (1994). Reduced heart rate variability and mortality risk in an elderly cohort. The Framingham Heart Study. Circulation 90(2):878-883.",10.1161/01.CIR.90.2.878,1994,"Community-dwelling elderly, Framingham Heart Study cohort, mean age 72+/-6",n=736 (74 deaths over 4-year follow-up),736,down -> higher all-cause mortality,0,HR=1.70 per 1-SD decrement in ln-power,1.7,HR,95% CI 1.37-2.09 (implies p<0.001),0.001,<,pfield,True,True
ulf_vlf,VLF and other frequency-domain HRV measures,clinical,"Tsuji H, Larson MG, Venditti FJ Jr, Manders ES, Evans JC, Feldman CL, Levy D (1996). Impact of reduced heart rate variability on risk for cardiac events. The Framingham Heart Study. Circulation 94(11):2850-2855.",10.1161/01.CIR.94.11.2850,1996,Framingham cohort free of clinical CHD/CHF at baseline,n=2501 (58 incident cardiac events over mean 3.5-year follow-up),2501,"down -> higher incidence of new cardiac events (angina, MI, CHD death, CHF)",0,"not fully extracted (proportional-hazards regression, multiple frequency measures)",,,not extracted,,,,False,False
ulf_vlf,"ULF+VLF combined high-risk classification, contrasted with power-law regression parameters",clinical,"Bigger JT Jr, Steinman RC, Rolnitzky LM, Fleiss JL, Albrecht P, Cohen RJ (1996). Power law behavior of RR-interval variability in healthy middle-aged persons, patients with recent acute myocardial infarction, and patients with heart transplants. Circulation 93(12):2142-2151.",10.1161/01.cir.93.12.2142,1996,Post-acute-MI patients (Cardiac Arrhythmia Pilot Study / Columbia cohort),not fully extracted from abstract search,,down (high-risk classification) -> higher mortality,-1,"RR=4.85 (unadjusted) / RR=2.98 (adjusted for age, NYHA class, LVEF, VPC frequency), p<0.001; power-law joint parameter RR=6.07 (adjusted), p<0.001, i.e. numerically stronger than the ULF/VLF-based classifier",4.85,RR,<0.001 (both),0.001,<,effect,True,True
ulf_vlf,Cross-comparison of HRV indices incl. frequency-domain vs time-domain,clinical,"Rueda-Ochoa OL, Osorio-Romero LF, Sanchez-Mendez LD (2024). Which indices of heart rate variability are the best predictors of mortality after acute myocardial infarction? Meta-analysis of observational studies. Journal of Electrocardiology 84:42-48.",10.1016/j.jelectrocard.2024.03.006,2024,Pooled post-MI cohorts (meta-analysis),multiple pooled studies (exact k and n not extracted),,"time-domain (SDNN, HRV triangular index) outperformed frequency-domain incl. VLF/ULF as mortality predictors",0,"sensitivity-analysis ranking, no single pooled HR extracted for VLF/ULF specifically",,,not extracted,,,,False,False
ulf_vlf,VLF power (high-risk cut-point <5.75 ln(ms^2)),clinical,"Yuda E, Ueda N, Kisohara M, Hayano J (2021). Redundancy among risk predictors derived from heart rate variability and dynamics: ALLSTAR big data analysis. Annals of Noninvasive Electrocardiology 26(1):e12790.",10.1111/anec.12790,2021,"Mixed clinical/general 24-h ECG registry (ALLSTAR database), mean age 65+/-16","n=265,291 recordings (116,554 male, 148,737 female)",265291,VLF classified as high-risk in 5.89% of recordings; strongly correlated with SDNN (r=0.71) and other risk indices,0,R^2=0.586 when VLF regressed on other HRV/dynamics predictors (highest redundancy of indices tested); combined high-risk clustering 32.31x expected under independence,0.586,r2,not extracted,,,,True,False
ulf_vlf,ULF power (ms^2/Hz),sports,"Serrador JM, Finlayson HC, Hughson RL (1999). Physical activity is a major contributor to the ultra low frequency components of heart rate variability. Heart 82(6):e9.",10.1136/hrt.82.6.e9,1999,"Healthy young adults, ambulatory 24-h monitoring with EMG","n=10 (5 men, 5 women)",10,up (physical activity increases ULF power),1,Men: active 6187+/-1801 vs rest 410+/-89 ms^2/Hz; Women: active 4056+/-1161 vs rest 2094+/-801 ms^2/Hz,,,<0.01,,,,False,False
ulf_vlf,ULF and VLF power,sports,"Hunt KJ, Saengsuwan J (2018). Changes in heart rate variability with respect to exercise intensity and time during treadmill running. BioMedical Engineering OnLine 17:128.",10.1186/s12938-018-0561-x,2018,"Healthy males, treadmill running at rest/moderate/vigorous intensity",n=15 (of 21 enrolled),15,down (both bands fall with increasing exercise intensity),-1,"significant pairwise decreases rest>moderate, rest>vigorous, moderate>vigorous for both ULF and VLF",,,<0.001 (all pairwise comparisons),,,,False,False
ulf_vlf,"Night HRV parameters incl. LF/HF, HF(nu) (VLF-specific values not confirmed in secondary sources)",sports,"Bosquet L, Papelier Y, Leger L, Legros P (2003). Night heart rate variability during overtraining in male endurance athletes. Journal of Sports Medicine and Physical Fitness 43(4):506-512.",,2003,"Experienced male endurance athletes, experimentally overtrained (100% training-volume increase over 4 weeks)",n=9 (6 diagnosed overtrained),,no significant change across baseline/overtraining/recovery,0,e.g. HR 56+/-12 vs 55+/-10 vs 53+/-15 bpm; LF/HF 1.10+/-0.92 vs 0.96+/-0.57 vs 0.59+/-0.43,,,>0.05 (all reported comparisons),,,,False,False
ulf_vlf,VLF power as predictor in multivariate VO2max regression model,sports,"Leon-Ariza HH, Botero-Rosas DA, Zea-Robles AC (2017). Heart rate variability and body composition as VO2max determinants. Revista Brasileira de Medicina do Esporte 23(4):317-324.",10.1590/1517-869220172304152157,2017,Sedentary young adults,"n=20 (10 men, 10 women)",20,"mixed/sex-reversed (up in women, down in men, non-significant in men)",0,Women: beta=+1.949 (p=0.01); Men: beta=-0.649 (p=0.18); model R^2=0.987 (women) / 0.965 (men),0.987,r2,"0.01 (women, significant); 0.18 (men, n.s.)",0.01,=,effect,True,True
ulf_vlf,Heart-rate oscillations in the 0.025-0.35 Hz band (spans VLF into LF/HF),meditation,"Peng CK, Mietus JE, Liu Y, et al. (1999). Exaggerated heart rate oscillations during two meditation techniques. International Journal of Cardiology 70(2):101-107.",10.1016/S0167-5273(99)00066-2,1999,Experienced Chi and Kundalini-yoga meditation practitioners; healthy control group during paced breathing,"Chi group n=8 (approx.; two time-series per subject); Kundalini group n not confirmed; control n=14 (9 women, 5 men)",14,"up (exaggerated, intermittent very-prominent oscillations during meditation, tied to slow breathing)",1,heart rate varied 30-35 bpm within 5 sec in some subjects during meditation,,,"not extracted (descriptive/spectral analysis, not a formal hypothesis test in the extracted summary)",,,,False,False
ulf_vlf,Normalized VLF power (nVLFP) and residual VLF power (rVLFP),meditation,"Leonard A, Clement S, Kuo CD, Manto M (2019). Changes in heart rate variability during heartfulness meditation: A power spectral analysis including the residual spectrum. Frontiers in Cardiovascular Medicine 6:62.",10.3389/fcvm.2019.00062,2019,Long-term Heartfulness meditation practitioners (mean 13.1+/-7.4 years practice),"n=26 (17 women, 9 men; mean age 50.5+/-8.6)",26,"no change (nVLFP) / down (rVLFP, vs. paced-breathing control)",0,"rVLFP median: rest 0.028, deep meditation 0.033, end meditation 0.020, control 0.047",,,"<0.001 (rVLFP, end-meditation vs control; Friedman test with Wilcoxon post-hoc)",,,,False,False
apen_sampen,ApEn (nighttime HRV),clinical,"Beckers F, Ramaekers D, Aubert AE (2001). 'Approximate Entropy of Heart Rate Variability: Validation of Methods and Application in Heart Failure.' Cardiovascular Engineering 1(4):177-182.",10.1023/A:1015212328405,2001,End-stage congestive heart failure patients vs healthy controls,N=21 CHF vs N=21 healthy,21,"up (ApEn higher/more erratic in CHF vs healthy, especially at night)",1,not reported as standardized effect size in available abstract,,,not extracted from available abstract,,,,False,False
apen_sampen,ApEn (LF and HF components of 24h HRV),clinical,"Li X, Yu S, Chen H, Lu C, Zhang K, Li F (2014). 'Cardiovascular autonomic function analysis using approximate entropy from 24-h heart rate variability and its frequency components in patients with type 2 diabetes.' Journal of Diabetes Investigation.",10.1111/jdi.12270,2014,Type 2 diabetes patients vs healthy controls,N=63 T2D vs N=29 healthy,63,down (ApEn lower in T2D vs healthy for both LF and HF components; total 24h ApEn not significant),-1,not reported as Cohen's d,,,LF-component ApEn p=0.0002; HF-component ApEn p=0.002; total 24h ApEn p=0.199 (ns),0.0002,=,pfield,False,True
apen_sampen,"ApEn, SampEn, FuzzyEn, ShanEn",clinical,"Byun S, Kim AY, Jang EH, Kim S, Choi KW, Yu HY, Jeon HJ (2019). 'Entropy analysis of heart rate variability and its application to recognize major depressive disorder: A pilot study.' Technology and Health Care.",10.3233/THC-199037,2019,Major depressive disorder patients vs healthy controls (age/gender matched),N=33 MDD vs N=33 controls,33,"down (lower entropy trend in MDD across most task phases, not statistically significant overall)",-1,"not reported as Cohen's d; classifier accuracy 70%, sensitivity 64%, specificity 76% (SVM using recovery/relaxation-phase features)",70.0,accuracy_pct,"ApEn p=0.213; SampEn p=0.154; FuzzyEn p=0.382; ShanEn p=0.259 (group main effects, all ns); task effects p<0.001-0.010",0.213,range,pfield,True,True
apen_sampen,Sample Entropy (SampEn) of systolic/diastolic blood pressure and cardiac interval series,clinical,"Knight SP, Ward M, Newman L, Davis J, Duggan E, Kenny RA, Romero-Ortuno R (2022). 'Cardiovascular Signal Entropy Predicts All-Cause Mortality: Evidence from The Irish Longitudinal Study on Ageing (TILDA).' Entropy (Basel) 24(5):676.",10.3390/e24050676,2022,"Community-dwelling older adults (TILDA cohort), mean age 61.9, 54.1% female","N=4,543 (214 deaths over ~7yr follow-up)",4543,up (higher SampEn predicts higher all-cause mortality risk),1,Hazard ratio per 1SD increase: systolic BP SampEn HR=1.19; diastolic BP SampEn HR=1.17; systolic BP cardiac-interval SampEn HR=1.10,1.19,HR,p<=0.05 in fully adjusted models,0.05,=,pfield,True,True
apen_sampen,"ApEn (alongside fractal dimension, 1/f slope, Lyapunov exponent)",sports,"Aubert AE, Beckers F, Seps B (2002). 'Non-linear dynamics of heart rate variability in athletes: effect of training.' Computers in Cardiology 2002, p. 441.",10.1109/cic.2002.1166804,2002,"Young aerobic athletes vs sedentary controls, 10-min supine ECG",N=34 total (athletes + sedentary),34,differs from controls (abstract confirms a significant ApEn difference between aerobic athletes and sedentary controls; exact sign not recoverable from available abstract text),0,not reported in available abstract,,,not reported in available abstract,,,,False,False
apen_sampen,"ApEn(HR), SampEn(HR) (also applied to SpO2)",sports,"Cabanas AM, Fuentes-Guajardo M, Saez N, Catalan DD, Collao-Caiconte PO, Martin-Escudero P (2024). 'Exploring the Hidden Complexity: Entropy Analysis in Pulse Oximetry of Female Athletes.' Biosensors (Basel) 14(1):52.",10.3390/bios14010052,2024,"Active competitive female athletes, ages 13-55, >=2yr competition history",N=27,27,"up (higher fitness tier associated with somewhat higher ApEn/SampEn, though relationship nonlinear and individualized)",1,ApEn(HR): medium-fitness 0.57+/-0.13 vs excellent-fitness 0.60+/-0.09; SampEn(HR): medium-fitness 0.33+/-0.08 vs excellent-fitness 0.40+/-0.15,,,"not reported (descriptive statistics only, no formal inferential test presented)",,,,False,False
apen_sampen,"Multiscale entropy (MSE, built from SampEn across scales - not single-scale ApEn/SampEn)",sports,Ramirez-Campillo R et al. (2017). 'Assessment of Heart Rate Variability during an Endurance Mountain Trail Race by Multi-Scale Entropy Analysis.' Entropy (Basel) 19(12):658.,10.3390/e19120658,2017,"Endurance mountain-trail runners, 35km race",N=11,11,"down (entropy/complexity decreased with exercise load and fatigue during the race, tracking increased sympathetic / decreased parasympathetic markers)",-1,not reported as standardized effect size,,,not extracted from available abstract,,,,False,False
apen_sampen,Sample Entropy (SampEn),meditation,"An H, Kulkarni R, Nagarathna R, Nagendra HR (2010). 'Measures of heart rate variability in women following a meditation technique.' International Journal of Yoga 3(1):6-9.",not resolved (PMC2952123),2010,"Healthy women, mean age 25+/-3.4, cyclic-meditation practitioners at a yoga research institute",N=28,28,up (SampEn increased after cyclic meditation vs a marginal decrease in the supine-rest control condition),1,0.2 (small),,,"p=0.268 (not statistically significant); contrast with pNN50 p=0.007 and pNN30 p=0.003, which were significant",0.268,=,pfield,False,True
apen_sampen,Sample Entropy (SampEn) and Entropy Rate,meditation,"Mayer MJE, Garnier NB, Becker C, Antonelli MC, Lobmaier SM, Frasch MG (2025). 'Heart Rate Variability Patterns Reflect Yoga Intervention in Chronically Stressed Pregnant Women: A Quasi-Randomized Controlled Trial.' Bioengineering (Basel) 12(11):1141.",10.3390/bioengineering12111141,2025,Chronically stressed pregnant women; weekly Hatha Yoga vs standard obstetric care,"N=28 (14 yoga, 14 control)",28,"up (both SampEn and Entropy Rate higher in yoga group at first and last visits, unadjusted)",1,Cohen's d 1.19-2.36 across timepoints (large); effect-size r 0.51-0.76,1.19,d,"SampEn p=0.011 (first-visit onset), p=0.006 (first-visit end); Entropy Rate p=0.004 (onset), p<0.001 (end); delta Entropy Rate p=0.034 - BUT after mixed-effects covariate adjustment, effects were no longer significant (SampEn p=0.537; Entropy Rate p=0.401)",0.011,=,pfield,True,True
apen_sampen,Sample Entropy and DFA alpha1 (nonlinear HRV),meditation,"Gao Y, Zitron L, Guo S (2026). 'Mindfulness-based intervention alters nonlinear heart rate variability in a pilot study.' Discover Mental Health 6:105.",10.1007/s44192-026-00444-1,2026,First-year college students; 6-week mindfulness-based intervention vs active control,N=25,25,"down (per secondary/search-result summary: MBI group showed lower nonlinear HRV in response to acute stressors post-intervention, interpreted as improved/more adaptive regulation rather than pathological rigidity)",-1,not extracted (full text behind a login wall; only abstract-level summary obtained via secondary source),,,not extracted (full text inaccessible),,,,False,False
csi_cvi,"CSI (L/T), CVI (log10(L*T))",clinical,"Toichi M, Sugiura T, Murai T, Sengoku A. A new method of assessing cardiac autonomic function and its comparison with spectral analysis and coefficient of variation of R-R interval. J Auton Nerv Syst. 1997;62(1-2):79-84.",10.1016/S0165-1838(96)00112-9,1997,"10 healthy volunteers, pharmacological autonomic blockade (atropine, propranolol) vs. control condition",n=10,10,"CVI selectively reduced by atropine (vagal blockade); CSI reduced by combined/propranolol condition — the two indices dissociate under selective pharmacological blockade, validating them as separable sympathetic/vagal proxies",-1,not reported as standardized effect size in available abstract/summary; reported as index dissociation under blockade,,,not extracted,,,,False,False
csi_cvi,CVI (parasympathetic index),clinical,"Toichi M, Kubota Y, Murai T, Kamio Y, Sakihama M, Toyoda J, Yoshikawa H, Kikuchi M, Yoshida H, Ozaki N. The influence of psychotic states on the autonomic nervous system in schizophrenia. Int J Psychophysiol. 1999;31(2):147-54.",10.1016/S0167-8760(98)00047-6,1999,"Chronic schizophrenia inpatients, assessed at start and end of an 8-week period alongside psychotic-symptom severity",n=53,53,down (CVI decreases as psychotic-state severity increases),-1,not extracted in raw form,,,reported significant (exact value not extracted from available summary),,,,False,False
csi_cvi,"CSI (30/50/100-beat windows), modified CSI (100-beat window)",clinical,"Jeppesen J, Beniczky S, Johansen P, Sidenius P, Fuglsang-Frederiksen A. Using Lorenz plot and Cardiac Sympathetic Index of heart rate variability for detecting seizures for patients with epilepsy. Annu Int Conf IEEE Eng Med Biol Soc. 2014:4563-6.",10.1109/EMBC.2014.6944639,2014,Patients with temporal-lobe complex partial seizures under video-EEG monitoring,"5 patients, 11 EEG-confirmed seizures",11,up (CSI and mCSI peak higher during seizures than during exercise/non-seizure periods in 4 of 5 patients),1,121-296% higher peak CSI/mCSI during seizure vs. exercise/non-seizure baseline,-296.0,pct,"not reported (preliminary/pilot study, no statistical test reported)",,,,True,False
csi_cvi,"maximum CSI, minimum CVI (100-beat moving windows)",clinical,"Jeppesen J, Beniczky S, Johansen P, Sidenius P, Fuglsang-Frederiksen A. Comparing maximum autonomic activity of psychogenic non-epileptic seizures and epileptic seizures using heart rate variability. Seizure. 2016;37:13-9.",10.1016/j.seizure.2016.02.005,2016,Video-EEG-monitored patients with epileptic seizures vs. psychogenic non-epileptic seizures (PNES),49 epileptic seizures from 17 patients; 24 PNES from 7 patients,49,up for CSI in true epileptic seizures relative to PNES; CVI showed no directional difference,1,not reported as standardized effect size (group medians/means not extracted),,,"P=0.015 for max CSI (epileptic > PNES); non-significant for min CVI, min RMSSD, and HF power",0.015,=,pfield,False,True
csi_cvi,CVI (cardiac vagal index),sports,"Araujo CG, Bottino A, Pinto FG. Cardiac vagal index varies according to field position in male elite football players. MedicalExpress. 2018;5:mo.006.",10.5935/MedicalExpress.2018.mo.006,2018,"Male elite football (soccer) players (Brazilian and Angolan first-division clubs) by field position, plus age-matched non-athlete controls","242 elite players (wingers n=34, midfielders n=87, forwards n=60, defenders n=44, goalkeepers n=17) + 303 non-athlete controls",242,up in wingers vs. defenders (positional effect); no significant difference athletes-overall vs. non-athlete controls,1,Wingers median CVI 1.84 [1.60-1.99] vs. defenders 1.53 [1.41-1.72]; overall athlete group 1.63 [1.46-1.84] vs. non-athletes 1.61 [1.41-1.81]; CVI vs. VO2max r=0.15; CVI vs. resting HR r=0.38; CVI vs. maximal HR r=-0.01,0.38,HR,P=0.01 for winger-vs-defender CVI difference; P=0.22 for athletes-vs-non-athletes (not significant); P=0.02 for CVI-VO2max correlation; P<0.05 for CVI-resting-HR correlation; P=0.82 for CVI-max-HR correlation (not significant),0.01,=,pfield,True,True
csi_cvi,"CSI, CVI (robust, time-resolved re-derivation of the Toichi Poincare-ellipse indices)",sports,"Candia-Rivera D, et al. Robust and time-resolved estimation of cardiac sympathetic and parasympathetic indices. R Soc Open Sci. 2025;12(1):240750.",10.1098/rsos.240750,2025,Methodological/validation paper; illustrative postural-change (sit-to-stand) and general exercise-context examples rather than an athlete cohort study,not an athlete-cohort effect study,,"up in CSI upon standing/exercise onset (expected sympathetic activation), consistent with prior literature",1,not reported as an athlete population effect size,,,not applicable,,,,False,False
csi_cvi,IDXPNA (vagal-tone proxy) and IDXSNA (sympathetic-tone proxy) — related to but explicitly NOT the Toichi CSI/CVI formula,meditation,"Park C, Youn I, Han S. Single-lead ECG based autonomic nervous system assessment for meditation monitoring. Sci Rep. 2022;12:22421.",10.1038/s41598-022-27121-x,2022,Novice meditators (meditation dataset) plus a separate stress-dataset (WESAD) comparison cohort,"16 subjects (meditation cohort: 8 male, 8 female, age 28.5+/-4.2y); 15 subjects (WESAD cohort, age 27.5+/-2.4y)",16,IDXPNA up (parasympathetic activation) and IDXSNA down (sympathetic inhibition) during meditation,0,not reported as standardized effect size in available summary,,,p<0.000005 for both IDXPNA increase and IDXSNA decrease during meditation,5e-06,<,pfield,False,True
csi_cvi,2D/3D Poincare-plot HRV parameters (SD1/SD2-family); explicit CSI/CVI values not confirmed,meditation,"Dey A, Bhattacharyya DK, Tibarewala DN, Dey N, Ashour AS, Le DN, Gospodinova E, Gospodinov M. Chinese-chi and Kundalini yoga Meditations Effects on the Autonomic Nervous System: Comparative Study. Int J Interact Multimed Artif Intell. 2016;3(6):39-43.",10.9781/ijimai.2016.3713,2016,Practitioners of Chinese Chi-meditation vs. Kundalini yoga meditation,not extracted (full text not accessible in this pass; publisher returned 403),403,not extracted — abstract-level search indicates Poincare-plot shape changes under both meditation types but no confirmed CSI/CVI-labelled numeric direction,0,not extracted,,,not extracted,,,,False,False
sdnn_global,sdnn,clinical,"Kleiger RE, Miller JP, Bigger JT, Moss AJ (1987). Decreased heart rate variability and its association with increased mortality after acute myocardial infarction. Am J Cardiol, 59(4):256-262.",,1987,"808 AMI survivors, 24-h Holter ~11±3 days post-MI",808,808,down (low SDNN -> higher mortality),-1,5.3x higher mortality rate for SDNN<50ms vs SDNN>100ms,,,not reported in abstract summary; seminal/foundational study,,,,False,False
sdnn_global,sdnn,clinical,"Hillebrand S, Gast KB, de Mutsert R, et al. (2013). Europace, 15(5):742-749.",10.1093/europace/eus341,2013,"General population, no known CVD at baseline; 8 pooled cohorts",21988,21988,down (low SDNN -> higher first CV event risk),-1,"Pooled RR 1.35 (95% CI 1.10-1.67), lowest vs highest SDNN tertile; ~1% risk increase per 1% SDNN decrease; 10th-vs-50th-percentile RR 1.50 (95% CI 1.22-1.83)",1.35,RR,meta-regression dose-response slope p=0.011,0.011,=,pfield,True,True
sdnn_global,sdnn,clinical,"Rueda-Ochoa OL, Osorio-Romero LF, Sanchez-Mendez LD (2024). J Electrocardiol, 84:42-48.",10.1016/j.jelectrocard.2024.03.006,2024,"Post-acute-MI cohorts, 27 pooled observational studies",27 studies (individual N not aggregated in abstract),27,down (low SDNN -> higher cardiac mortality),-1,"RR 4.19 (95% CI 3.36-5.22), I2=39.7% — best single predictor of cardiac mortality; SDANN also significant for total mortality",4.19,RR,not stated numerically; CI excludes 1,,,,True,False
sdnn_global,sdnn,clinical,"Yadav I, Waqas R, Mohammad A, et al. (2025). Cureus, 17(12):e99120.",10.7759/cureus.99120,2025,"Heart failure (mixed HFrEF/HFpEF), 10 pooled studies",10544,10544,down (low SDNN -> higher mortality),-1,"Time-domain (SDNN) pooled ES=1.75, I2=71.49%; HFrEF subgroup ES=1.74 (95% CI 1.04-2.44); overall pooled ES=1.99 (95% CI 1.36-2.61)",1.75,SMD,p<0.001 overall,0.001,<,pfield,True,True
sdnn_global,"sdnn, sdann",clinical,"Liu H, Wang X, Wang X (2023). The correlation between heart rate variability index and vulnerability prognosis in patients with acute decompensated heart failure. PeerJ, 11:e16377.",10.7717/peerj.16377,2023,"128 ADHF patients (31 poor-prognosis, 97 good-prognosis), 12-month follow-up",128,128,"up (higher SDNN/SDANN associated with poor prognosis) -- reversed vs. rest of literature, flagged as inconsistency",1,"SDNN: AUC=0.818 (95% CI 0.722-0.914), t=3.924; SDANN: AUC=0.684 (95% CI 0.551-0.816), t=4.520; combined-HRV diagnostic AUC=0.901",0.818,AUC,p<0.001 for both SDNN and SDANN,0.001,<,pfield,True,True
sdnn_global,cvnni,clinical,"Razanskaite-Virbickiene D, Danyte E, Mockeviciene G, et al. (2017). Can coefficient of variation of time-domain analysis be valuable for detecting cardiovascular autonomic neuropathy in young patients with type 1 diabetes: a case control study. BMC Cardiovasc Disord, 17:34.",10.1186/s12872-016-0467-0,2017,"208 T1DM patients aged 15-25y (67 with confirmed CAN, 141 controls), Lithuania",208,208,down (lower CV of R-R -> CAN presence),-1,"Deep-breathing CV<1.45: sensitivity 97.3%, specificity 96.2%, AUC=0.899; supine CV<1.65: AUC=0.890; standing CV<1.50: AUC=0.862",0.899,AUC,p<0.05 for all CV measures between CAN and non-CAN groups,0.05,<,pfield,True,True
sdnn_global,cvnni,clinical,"Sugimoto K, et al. (2024). Associations of age-adjusted coefficient of variation of R-R intervals with autonomic and peripheral nerve function in non-elderly persons with diabetes. J Diabetes Investig.",10.1111/jdi.14094,2024,"141 diabetic inpatients, 22-65y",141,141,down (lower CVRR associated with worse autonomic/peripheral nerve function),-1,not independently verified beyond search snippet (paywalled); reported as correlational associations,,,not independently confirmed,,,,False,False
sdnn_global,cvsd,sports,"Pichot V, Roche F, Gaspoz JM, et al. (2000). Relation between heart rate variability and training load in middle-distance runners. Med Sci Sports Exerc, 32(10):1729-1736.",10.1097/00005768-200010000-00011,2000,"7 male middle-distance runners, national level, France",7,,"down during heavy training, up during recovery week (parasympathetic indices)",-1,"Parasympathetic indices: up to -41% during 3wk heavy training, up to +46% during recovery week; sympathetic: +31% then -24%",-41.0,pct,p<0.05,0.05,<,pfield,True,True
sdnn_global,sdnn,sports,"Hynynen E, Uusitalo A, Konttinen N, Rusko H (2006). Heart rate variability during night sleep and after awakening in overtrained athletes. Med Sci Sports Exerc, 38(2):313-317.",,2006,"12 severely overtrained athletes (OA) vs 12 control athletes (CA), mixed sex",24 (12 vs 12),24,down (overtrained athletes lower SDNN after awakening),-1,SDNN after awakening: 84±31 ms (OA) vs 116±41 ms (CA),,,p<0.05,0.05,<,pfield,False,True
sdnn_global,sdnn,sports,"Proietti R, di Fronso S, Pereira LA, Bortoli L, Robazza C, Nakamura FY, Bertollo M (2017). Heart Rate Variability Discriminates Competitive Levels in Professional Soccer Players. J Strength Cond Res, 31(6):1719-1725.",10.1519/JSC.0000000000001795,2017,"54 male professional soccer players, 3 teams across Italy/Germany, 3 competitive tiers (2nd Division, Europa League, Champions League)",54,54,up (higher lnSDNN in higher-competitive-level players),1,Champions League and Europa League groups showed higher lnSDNN (and lnRMSSD) than 2nd Division group; exact numeric SMD not available from abstract,,,reported as statistically significant in abstract; exact value not confirmed,,,,False,False
sdnn_global,sdnn,meditation,Lee EJ (2017). Effects of a Mindfulness-Based Stress Reduction Program on the Physical and Psychological Status and Quality of Life in Patients with Metastatic Breast Cancer. Holist Nurs Pract.,10.1097/HNP.0000000000000220,2017,Metastatic breast cancer patients undergoing active treatment,32,32,up (SDNN increased pre-to-post MBSR),1,SDNN 24.81 -> 53.93 (as reported in Radmark et al. 2019 secondary summary),,,p=0.051 (approached but did not reach conventional significance),0.051,=,pfield,False,True
sdnn_global,sdnn,meditation,"Wang SJ, Chang YC, Hu WY, Chang YM, Lo C (2022). The Comparative Effect of Reduced Mindfulness-Based Stress on Heart Rate Variability among Patients with Breast Cancer. Int J Environ Res Public Health, 19(11):6537.",10.3390/ijerph19116537,2022,"Post-treatment breast cancer survivors (25 MBSR, 25 usual-care control)",50,50,up (SDNN increased in MBSR group),1,SDNN 31.49±15.26ms (pre) -> 85.81±43.93ms (post); d=0.85 (large),0.85,d,"t(24)=5.40, p<0.001",0.001,<,pfield,True,True
sdnn_global,sdnn,meditation,"Nyklicek I, Mommersteeg PM, Van Beugen S, Ramakers C, Van Boxtel GJ (2013). Mindfulness-based stress reduction and physiological activity during acute stress: a randomized controlled trial. Health Psychol, 32(10):1110-1113.",10.1037/a0032200,2013,Community-dwelling adults with elevated stress complaints (MBSR vs waitlist control),88,88,null (no significant effect),0,not significant,,,non-significant,,,,False,False
sdnn_global,"sdnn, cvnni",meditation,"Leonard A, Clement S, Kuo CD, Manto M (2019). Changes in Heart Rate Variability During Heartfulness Meditation: A Power Spectral Analysis Including the Residual Spectrum. Front Cardiovasc Med, 6:62.",10.3389/fcvm.2019.00062,2019,26 experienced Heartfulness meditators (13.1±7.4 years practice),26,26,down (SDRR and CVRR decreased during deep meditation vs rest),-1,SDRR 28.1ms (rest) -> 22.8ms (deep meditation),,,SDRR p=0.014; CVRR p=0.002,0.014,=,pfield,False,True
sdnn_global,sdnn,meditation,"Natarajan A (2023). Heart rate variability during mindful breathing meditation. Front Physiol, 13:1017350.",10.3389/fphys.2022.1017350,2023,"Small convenience samples: Chi meditation (n=8), Kundalini Yoga meditation (n=4), plus metronomic-breathing/sleep/athlete comparison groups",8 (Chi); 4 (Kundalini Yoga),,up (SDRR increased during meditation vs rest),1,"Chi: SDRR 56.8ms (rest) -> 66.9ms (meditation), +18%, d=0.5; Kundalini Yoga: 56.8ms -> 86.6ms, +53%, d=1.1",0.5,d,p<0.05 for both,0.05,<,pfield,True,True
dfa,DFA short-term scaling exponent alpha1,clinical,"Huikuri HV, Mäkikallio TH, Peng CK, Goldberger AL, Hintze U, Møller M. Fractal correlation properties of R-R interval dynamics and mortality in patients with depressed left ventricular function after an acute myocardial infarction. Circulation. 2000;101(1):47-53.",10.1161/01.cir.101.1.47,2000,"446 survivors of acute MI with LVEF <=35% (DIAMOND/Finnish-Danish cohort), 24-h Holter","446 (114 deaths, 25.6%; 75 arrhythmic deaths)",446,down (low alpha1 predicts higher arrhythmic/total mortality),-1,alpha1 < 0.75 independently predicted arrhythmic death; outperformed conventional time/frequency HRV indices in multivariable model,,,not specified in accessible abstract; reported as independent predictor in multivariable Cox model,,,,False,False
dfa,DFA short-term scaling exponent alpha,clinical,"Mäkikallio TH, Høiber S, Køber L, Torp-Pedersen C, Peng CK, Goldberger AL, Huikuri HV (TRACE Investigators). Fractal analysis of heart rate dynamics as a predictor of mortality in patients with depressed left ventricular function after acute myocardial infarction. Am J Cardiol. 1999;83(6):836-839.",10.1016/s0002-9149(98)01076-5,1999,Post-AMI patients with EF<35% (TRAndolapril Cardiac Evaluation substudy),"159 (72 deaths, 45%, over 4-year follow-up)",159,down (reduced alpha predicts higher mortality),-1,Relative risk 3.17 (95% CI 1.96-5.15) for alpha < 0.85,,,p<0.0001 univariable; p<0.001 multivariable Cox,0.0001,<,pfield,False,True
dfa,DFA short-term scaling exponent alpha (alpha1),clinical,"Mäkikallio TH, Huikuri HV, Hintze U, et al. Fractal analysis and time- and frequency-domain measures of heart rate variability as predictors of mortality in patients with heart failure. Am J Cardiol. 2001;87(2):178-182.",,2001,"Chronic heart failure patients, EF<35% (Danish cohort)",499 (665-day follow-up),499,down (reduced alpha predicts higher mortality),-1,Relative risk 1.4 (95% CI 1.0-1.9),,,"P<0.05, independent after adjusting for age, NYHA class, medication, EF",0.05,<,pfield,False,True
dfa,DFA short-term scaling exponent alpha1,clinical,"Tapanainen JM, Thomsen PE, Køber L, Torp-Pedersen C, Mäkikallio TH, Still AM, Lindgren KS, Huikuri HV. Prediction of sudden cardiac death by fractal analysis of heart rate variability in elderly subjects. J Am Coll Cardiol. 2001;37(5):1395-1402.",10.1016/S0735-1097(01)01171-8,2001,"Random population sample, age >=65, 10-year follow-up",325 (164 deaths; 71 cardiac deaths; 29 sudden cardiac deaths),325,down (reduced alpha1 predicts cardiac and especially sudden cardiac death),-1,Stronger univariate prediction for SCD than for cardiac death overall,,,not extracted (univariate significance reported),,,,False,False
dfa,"DFA alpha1 (alpha2 also measured, no significant effect)",clinical,"Chiang JY, Huang JW, Lin LY, et al. Detrended Fluctuation Analysis of Heart Rate Dynamics Is an Important Prognostic Factor in Patients with End-Stage Renal Disease Receiving Peritoneal Dialysis. PLoS One. 2016;11(2):e0147282.",10.1371/journal.pone.0147282,2016,"ESRD patients on peritoneal dialysis, mean age 53.7","132 (62M/72F), ~34-month median follow-up",132,down (lower alpha1 -> higher mortality); alpha1 0.89+/-0.20 in deceased vs 1.18+/-0.29 in survivors,-1,"HR 0.109 (95% CI 0.033-0.362) total mortality; HR 0.062 (95% CI 0.007-0.571) cardiac mortality, for alpha1>=0.95 (protective); ROC AUC 0.761 for alpha1<0.95 predicting mortality",0.109,HR,P<0.001 (group difference); P=0.0003 (total mortality HR); P=0.014 (cardiac mortality HR),0.001,<,pfield,True,True
dfa,"DFA alpha1 vs SDNN, deceleration capacity (DC), VLF power etc.",clinical,"Yuda E, Ueda N, Kisohara M, Hayano J, et al. Redundancy among risk predictors derived from heart rate variability and dynamics: ALLSTAR big data analysis. Ann Noninvasive Electrocardiol. 2021;26(1):e12790.",10.1111/anec.12790,2021,"265,291 24-hour ECG recordings, Japanese ALLSTAR database, mixed cardiac/at-risk/healthy, mean age 65",265291,265291,"n/a (redundancy/correlation finding, not a mortality-direction finding)",0,observed rate of alpha1-only high-risk clustering ~0.035x expected-under-independence rate; moderate positive correlation with SDNN/DC/VLF,,,,,,,False,False
dfa,DFA alpha1 threshold vs gas-exchange VT1,sports,"Rogers B, Giles D, Draper N, Hoos O, Gronwald T. A New Detection Method Defining the Aerobic Threshold for Endurance Exercise and Training Prescription Based on Fractal Correlation Properties of Heart Rate Variability. Front Physiol. 2020;11:596567.",10.3389/fphys.2020.596567,2020,"Male recreational-to-trained runners/cyclists, age 19-52 (mean 29+/-10)","15 (17 recruited, 2 excluded for cardiac ectopy)",15,concordant (alpha1=0.75 threshold tracks VT1),0,"r=0.99 (VO2, p<0.001), r=0.97 (HR, p<0.001); paired-t Cohen's d=0.030 (VO2) and 0.091 (HR); ICC 0.99/0.96",0.03,d,"p<0.001 (correlations); p=0.347 and p=0.191 (paired t-tests, non-significant bias)",0.001,<,pfield,True,True
dfa,DFA alpha1 field-estimated threshold,sports,"Rogers B, Berk S, Gronwald T. Real-Time Estimation of Aerobic Threshold and Exercise Intensity Distribution Using Fractal Correlation Properties of Heart Rate Variability: A Single-Case Field Application in a Former Olympic Triathlete. Front Sports Act Living. 2021;3:668812.",10.3389/fspor.2021.668812,2021,Single elite athlete (former Olympic triathlete),1 (single-case field study),,concordant with training-zone classification,0,"descriptive/case-study, no inferential statistics",,,,,,,False,False
dfa,DFA alpha1/alpha2-derived thresholds (alphaTh1/alphaTh2) vs lactate (LT1/LT2) and gas-exchange (VT1/VT2) thresholds,sports,"Sheoran S, Stavropoulos-Kalinoglou A, Simpson C, Ashby M, Webber E, Weaving D. Exercise intensity measurement using fractal analysis of heart rate variability: Reliability, agreement and influence of sex and cardiorespiratory fitness. J Sports Sci. 2024.",10.1080/02640414.2024.2421691,2024,"37 participants (17 female), mixed cardiorespiratory fitness",37,37,"mixed/qualified (good reliability, only moderate agreement with LT/VT; sex-dependent bias)",0,CV<6% test-retest; bias +2.41 bpm (males) vs -1.26 bpm (females) at first threshold,,,not extracted in full,,,,False,False
dfa,DFA alpha1 threshold vs physiologic thresholds,sports,"Cassirame J, et al. Detrended fluctuation analysis to determine physiologic thresholds, investigation and evidence from incremental cycling test. Eur J Appl Physiol. 2025;125:523-533.",,2025,Incremental cycling test participants,not extracted,,critical/discordant (disputes clear physiological basis of 0.75/0.5 cut-points),0,,,,,,,,False,False
dfa,"DFA alpha1 methodology (regression window selection, Kubios time-shift artifact)",sports,"Hoos O, Gronwald T. Detrended fluctuation analysis of heart rate variability during exercise: Time to reconsider the theoretical and methodological background. Comment on Cassirame et al. (2025). Eur J Appl Physiol. 2025;125(9):2637-2639.",10.1007/s00421-025-05859-2,2025,n/a (methodological comment/rebuttal),,,defends 0.75/0.5 theoretical grounding against Cassirame's critique,0,,,,,,,,False,False
dfa,"HR oscillation amplitude (spectral/Hilbert-transform based, not DFA per se)",meditation,"Peng CK, Mietus JE, Liu Y, Khalsa G, Douglas PS, Benson H, Goldberger AL. Exaggerated heart rate oscillations during two meditation techniques. Int J Cardiol. 1999;70(2):101-107.",10.1016/s0167-5273(99)00066-2,1999,"Healthy young adult meditators: 8 Chinese Chi (Qigong) practitioners, 4 Kundalini Yoga practitioners, plus non-meditating controls",8 Chi + 4 Kundalini yoga (n=12 meditators total),12,up (exaggerated low-frequency HR oscillation amplitude during meditation vs pre-meditation/controls),1,"descriptive amplitude comparison, no DFA alpha reported in this original paper",,,,,,,False,False
dfa,"Long-range correlation/scaling behavior (average wavelet coefficient method, DFA-adjacent)",meditation,"Papasimakis N, Pallikari F. Breakdown of Long-Range Correlations in Heart Rate Fluctuations During Meditation. arXiv:0901.4295 [physics.med-ph]. 2009.",10.48550/arXiv.0901.4295,2009,Same PhysioNet meditation dataset (8 Chi + 4 Kundalini yoga),12,12,down (weakened long-range correlation / loss of complexity at longer timescales during meditation),-1,descriptive scaling-behavior comparison; no numeric DFA alpha values reported in abstract,,,,,,,False,False
dfa,Multifractal DFA (MF-DFA) spectrum width; Power of Scale-freeness in Visibility Graph (PSVG),meditation,"Bhaduri A, Ghosh D. Quantitative Assessment of Heart Rate Dynamics during Meditation: An ECG Based Study with Multi-Fractality and Visibility Graph. Front Physiol. 2016;7:44.",10.3389/fphys.2016.00044,2016,"Same PhysioNet meditation dataset (8 Chi meditation, 4 Kundalini Yoga subjects)",8 (Chi) + 4 (Kundalini yoga),,up (multifractal spectrum width and PSVG both increase during meditation),1,MF-DFA width increase 32.2-175% (Chi); PSVG increase 46.9-265.1% (Kundalini yoga); correlation between the two methods r=0.64,0.64,r,not reported,,,,True,False
hurst,DFA short-term scaling exponent α1,clinical,"Mäkikallio TH, Huikuri HV, Mäkikallio A, et al. (2002). Prognostic significance of fractal and traditional heart rate variability measures in patients with acute myocardial infarction. Am J Cardiol 90(4):347-352. PMID:12161220.",10.1016/S0002-9149(02)02488-8 (approx; verify against publisher record),2002,"697 consecutive survivors of acute MI, 3 Nordic university hospitals","697 (49 deaths during 18.4±6.5 month follow-up, 7.0% mortality)",697,down (lower α1 predicts higher mortality),-1,"univariate RR 5.05 (95% CI 2.87-8.89) for α1<0.65; multivariate-adjusted RR 3.90 (95% CI 2.03-7.49), most powerful independent HRV predictor",5.05,RR,"significant, reported as strongest univariate/multivariate predictor",,,,True,False
hurst,"DFA α1 (short-term, <11 beats) and α2 (>11 beats)",clinical,"Tsuji, Mäkikallio, Huikuri (LILAC study group). Fractal analysis of heart rate variability and mortality in elderly community-dwelling people — Longitudinal Investigation for the Longevity and Aging in Hokkaido County (LILAC) study. (PMC2820556 / ScienceDirect S0753-3322(05)80009-5).",,~2005-2010 (exact primary-journal year not independently confirmed beyond PMC record),"Community-dwelling elderly, mean age 79.6 years",298,298,down (lower scaling exponents associated with mortality),-1,not fully extracted (full text paywalled); reported as retaining prognostic power alongside traditional time/frequency HRV in this elderly cohort,,,not extracted,,,,False,False
hurst,"DFA2 α1 (second-order-detrended short-scale scaling exponent), measured at rest",clinical,"Hernesniemi JA, et al. (2024). Prediction of Sudden Cardiac Death With Ultra-Short-Term Heart Rate Fluctuations. JACC Clin Electrophysiol. DOI:10.1016/j.jacep.2024.04.018. PMID:38878016.",10.1016/j.jacep.2024.04.018,2024,FINCAVAS (Finnish Cardiovascular Study) cohort undergoing clinical exercise testing,"2794 (83 sudden cardiac deaths over median 8.3-year follow-up, IQR 6.4-10.5)",2794,"down (lower α1 associated with higher SCD risk); resting measurement significant, exercise measurement not",-1,"2.4-fold risk increase (IQR 2.0-3.0) per 1-SD lower α1, independent of age, comorbidities, fitness, HR recovery, LVEF",,,P < 0.001,0.001,<,pfield,False,True
hurst,DFA short-term scaling exponent (αs),sports,"Heffernan KS, Sosnoff JJ, Fahs CA, Shinsako KK, Jae SY, Fernhall B (2008). Fractal scaling properties of heart rate dynamics following resistance exercise training. J Appl Physiol 105(1):109-113. DOI:10.1152/japplphysiol.00150.2008. PMID:18450986.",10.1152/japplphysiol.00150.2008,2008,"34 young adult men (mean age 23±1), 6 weeks resistance training, 3 days/week, after a 4-week control period","34 (18 lower-baseline-α subgroup, 16 higher-baseline-α subgroup)",34,bidirectional normalization toward ~1.0 (not monotonic up/down): low-baseline subgroup increased 0.73→0.88; high-baseline subgroup decreased 1.20→0.98,0,"no overall-cohort change (1.01→0.98→0.93, P>0.05); subgroup-by-time interaction significant",,,P < 0.05 (interaction effect); P > 0.05 for whole-cohort main effect,0.05,<,pfield,False,True
hurst,DFA α1-based heart-rate-variability threshold (HRVT),sports,"Rogers B, Berk S, Gronwald T (2022). An Index of Non-Linear HRV as a Proxy of the Aerobic Threshold Based on Blood Lactate Concentration in Elite Triathletes. Sports (Basel) 10(2):25. DOI:10.3390/sports10020025. PMC8875480.",10.3390/sports10020025,2022,"9 elite triathletes (7M/2F), international/national level, mean VO2max 67±7 mL/kg/min",9,,"down (α1 declines from ~1 toward 0.75 at aerobic threshold, then toward <0.5 with further intensity)",-1,Pearson r=0.98 (cycling power at DFA α1=0.75 vs. lactate threshold 1); r=0.77 for heart rate; ICC=0.98 (95% CI 0.91-0.99) for power,0.98,r,"mean-difference agreement tests: HR p=0.52, power p=0.17 (i.e., no significant difference from LT1 — supports agreement)",0.52,=,pfield,True,True
hurst,"DFA α1 vs. gas-exchange/ventilatory thresholds (GET, VT1/VT2)",sports,"Cassirame J, et al. (2025). Detrended fluctuation analysis to determine physiologic thresholds, investigation and evidence from incremental cycling test. Eur J Appl Physiol 125:523-533. PMID:39340669.",,2025,"56 sub-elite cyclists (18 female, 38 male), maximal incremental cycling test with gas exchange",56,56,"disputed / poor agreement (contradicts the strong-agreement direction reported in smaller elite-athlete samples, e.g. Rogers et al. 2022)",0,"not fully extracted; authors report agreement strongly modulated by signal-to-noise ratio, motion artifact, sex, and cardiovascular fitness",,,not extracted,,,,False,False
hurst,DFA scaling exponent,meditation,"Sarkar S, Barat P (2008). Effect of meditation on scaling behavior and complexity of human heart rate variability. Fractals 16(3):199-208.",,2008,Chi-meditation practitioners (small sample; exact n not independently confirmed beyond secondary-source citation),"not independently confirmed (small, likely single-digit to low-teens)",,down (decimated long-range correlation during meditation),-1,not extracted,,,not extracted,,,,False,False
hurst,"Long-range correlation / scaling exponent (wavelet-based, Hurst-related)",meditation,"Papasimakis N, Pallikari F (2009). Breakdown of Long-Range Correlations in Heart Rate Fluctuations During Meditation. (arXiv:0901.4295; also published version per Deka & Deka 2023 review).",,2009,"Meditators, wavelet-coefficient / long-range correlation analysis",8 (per Deka & Deka 2023 secondary citation),2023,down (correlations weaken significantly at longer time scales during meditation; periodicity dominates short scales),-1,not extracted,,,p<0.05 (per Deka & Deka 2023 secondary citation),0.05,<,pfield,False,True
hurst,Fractal dimension,meditation,"Raghavendra BM, Dutt DN (2011). [Fractal dimension / meditation HRV study, as cited in Deka & Deka 2023 review].",,2011,Meditators,12 (per Deka & Deka 2023 secondary citation),12,down (significantly lower fractal dimension during meditation),-1,not extracted,,,p<0.05 (per Deka & Deka 2023 secondary citation),0.05,<,pfield,False,True
hurst,"Hurst exponent (time-variant, R/S analysis)",meditation,"Alvarez-Ramirez J, Rodriguez E, Echeverria JC (2017). Fractal scaling behavior of heart rate variability in response to meditation techniques. Chaos Solitons Fractals 99:57-62.",10.1016/j.chaos.2017.03.039 (approx; verify against publisher record),2017,"8 novice + 4 advanced meditation practitioners (Chi/Kundalini-yoga-type techniques), R/S (rescaled-range) analysis",12,12,"down (decrement in Hurst exponent during meditation, toward uncorrelated dynamics; effect more pronounced in advanced practitioners, values approaching 0.5)",-1,not extracted (qualitative decrement reported),,,not reported per secondary-source extraction,,,,False,False
hurst,DFA α1 and α2,meditation,"Guo M, et al. (2019). Activation of sympathetic nervous system as a biomarker for deep meditation. 2019 9th International IEEE/EMBS Conference on Neural Engineering (NER).",,2019,Deep-meditation practitioners,70 (per Deka & Deka 2023 secondary citation),70,up (CONTRARY finding: significant INCREASE in both α1 and α2 during deep meditation),1,not extracted,,,p<0.05 (per Deka & Deka 2023 secondary citation),0.05,<,pfield,False,True
hurst,DFA α1 (and sample entropy) in response to acute stressors,meditation,[Authors not fully resolved] (2026). Mindfulness-based intervention alters nonlinear heart rate variability in a pilot study. Discover Mental Health. DOI:10.1007/s44192-026-00444-1.,10.1007/s44192-026-00444-1,2026,"25 first-year college students, 6-week MBI program vs. active control, HRV assessed in response to acute stressors",25,25,"down (mindfulness group showed significantly lower DFA α1 and higher entropy vs. control post-intervention, with no RMSSD/HR difference)",-1,not fully extracted (qualitative 'significantly lower/higher'),,,reported significant; exact value not extracted,,,,False,False
hr_level,"resting heart rate (cohort-level, per 10 bpm increment)",clinical,"Greenland et al. 1999, women — cohort-level estimate extracted from Zhang, Shen & Qi (2016), CMAJ (doi:10.1503/cmaj.150535), all-cause mortality, resting HR per 10 bpm [source=cohort-pull]",10.1503/cmaj.150535,,"US, cohort in Zhang, Shen & Qi (2016), CMAJ meta-analysis","n=14994, deaths=1693",14994,up (higher resting HR -> higher all-cause mortality risk),1,"RR 0.970 (95% CI 0.850-1.120) per 10 bpm resting HR, all-cause mortality",0.97,RR,,,,,True,False
hr_level,"resting heart rate (cohort-level, per 10 bpm increment)",clinical,"Cheng et al. 2002 — cohort-level estimate extracted from Zhang, Shen & Qi (2016), CMAJ (doi:10.1503/cmaj.150535), all-cause mortality, resting HR per 10 bpm [source=cohort-pull]",10.1503/cmaj.150535,,"US, cohort in Zhang, Shen & Qi (2016), CMAJ meta-analysis","n=27459, deaths=724",27459,up (higher resting HR -> higher all-cause mortality risk),1,"RR 0.980 (95% CI 0.900-1.080) per 10 bpm resting HR, all-cause mortality",0.98,RR,,,,,True,False
hr_level,"resting heart rate (cohort-level, per 10 bpm increment)",clinical,"Reunanen et al. 2000, men — cohort-level estimate extracted from Zhang, Shen & Qi (2016), CMAJ (doi:10.1503/cmaj.150535), all-cause mortality, resting HR per 10 bpm [source=cohort-pull]",10.1503/cmaj.150535,,"Finland3, cohort in Zhang, Shen & Qi (2016), CMAJ meta-analysis","n=5598, deaths=1848",5598,up (higher resting HR -> higher all-cause mortality risk),1,"RR 1.010 (95% CI 0.990-1.030) per 10 bpm resting HR, all-cause mortality",1.01,RR,,,,,True,False
hr_level,"resting heart rate (cohort-level, per 10 bpm increment)",clinical,"Adabag et al. 2008 — cohort-level estimate extracted from Zhang, Shen & Qi (2016), CMAJ (doi:10.1503/cmaj.150535), all-cause mortality, resting HR per 10 bpm [source=cohort-pull]",10.1503/cmaj.150535,,"US, cohort in Zhang, Shen & Qi (2016), CMAJ meta-analysis","n=12555, deaths=4642",12555,up (higher resting HR -> higher all-cause mortality risk),1,"RR 1.010 (95% CI 1.000-1.020) per 10 bpm resting HR, all-cause mortality",1.01,RR,,,,,True,False
hr_level,"resting heart rate (cohort-level, per 10 bpm increment)",clinical,"Reunanen et al. 2000, women — cohort-level estimate extracted from Zhang, Shen & Qi (2016), CMAJ (doi:10.1503/cmaj.150535), all-cause mortality, resting HR per 10 bpm [source=cohort-pull]",10.1503/cmaj.150535,,"Finland3, cohort in Zhang, Shen & Qi (2016), CMAJ meta-analysis","n=5119, deaths=840",5119,up (higher resting HR -> higher all-cause mortality risk),1,"RR 1.010 (95% CI 0.990-1.040) per 10 bpm resting HR, all-cause mortality",1.01,RR,,,,,True,False
hr_level,"resting heart rate (cohort-level, per 10 bpm increment)",clinical,"Saxena et al. 2013 — cohort-level estimate extracted from Zhang, Shen & Qi (2016), CMAJ (doi:10.1503/cmaj.150535), all-cause mortality, resting HR per 10 bpm [source=cohort-pull]",10.1503/cmaj.150535,,"US, cohort in Zhang, Shen & Qi (2016), CMAJ meta-analysis","n=53322, deaths=3125",53322,up (higher resting HR -> higher all-cause mortality risk),1,"RR 1.010 (95% CI 1.000-1.020) per 10 bpm resting HR, all-cause mortality",1.01,RR,,,,,True,False
hr_level,"resting heart rate (cohort-level, per 10 bpm increment)",clinical,"Nilsson et al. 2001, women — cohort-level estimate extracted from Zhang, Shen & Qi (2016), CMAJ (doi:10.1503/cmaj.150535), all-cause mortality, resting HR per 10 bpm [source=cohort-pull]",10.1503/cmaj.150535,,"Sweden, cohort in Zhang, Shen & Qi (2016), CMAJ meta-analysis","n=10902, deaths=397",10902,up (higher resting HR -> higher all-cause mortality risk),1,"RR 1.020 (95% CI 0.920-1.150) per 10 bpm resting HR, all-cause mortality",1.02,RR,,,,,True,False
hr_level,"resting heart rate (cohort-level, per 10 bpm increment)",clinical,"Greenland et al. 1999, men — cohort-level estimate extracted from Zhang, Shen & Qi (2016), CMAJ (doi:10.1503/cmaj.150535), all-cause mortality, resting HR per 10 bpm [source=cohort-pull]",10.1503/cmaj.150535,,"US, cohort in Zhang, Shen & Qi (2016), CMAJ meta-analysis","n=18787, deaths=3384",18787,up (higher resting HR -> higher all-cause mortality risk),1,"RR 1.030 (95% CI 0.960-1.110) per 10 bpm resting HR, all-cause mortality",1.03,RR,,,,,True,False
hr_level,"resting heart rate (cohort-level, per 10 bpm increment)",clinical,"Legeai et al. 2011 — cohort-level estimate extracted from Zhang, Shen & Qi (2016), CMAJ (doi:10.1503/cmaj.150535), all-cause mortality, resting HR per 10 bpm [source=cohort-pull]",10.1503/cmaj.150535,,"France, cohort in Zhang, Shen & Qi (2016), CMAJ meta-analysis","n=7147, deaths=615",7147,up (higher resting HR -> higher all-cause mortality risk),1,"RR 1.040 (95% CI 1.010-1.080) per 10 bpm resting HR, all-cause mortality",1.04,RR,,,,,True,False
hr_level,"resting heart rate (cohort-level, per 10 bpm increment)",clinical,"Benetos et al. 1999, men — cohort-level estimate extracted from Zhang, Shen & Qi (2016), CMAJ (doi:10.1503/cmaj.150535), all-cause mortality, resting HR per 10 bpm [source=cohort-pull]",10.1503/cmaj.150535,,"France, cohort in Zhang, Shen & Qi (2016), CMAJ meta-analysis","n=12123, deaths=2036",12123,up (higher resting HR -> higher all-cause mortality risk),1,"RR 1.050 (95% CI 1.030-1.070) per 10 bpm resting HR, all-cause mortality",1.05,RR,,,,,True,False
hr_level,"resting heart rate (cohort-level, per 10 bpm increment)",clinical,"Benetos et al. 1999, women — cohort-level estimate extracted from Zhang, Shen & Qi (2016), CMAJ (doi:10.1503/cmaj.150535), all-cause mortality, resting HR per 10 bpm [source=cohort-pull]",10.1503/cmaj.150535,,"France, cohort in Zhang, Shen & Qi (2016), CMAJ meta-analysis","n=7263, deaths=610",7263,up (higher resting HR -> higher all-cause mortality risk),1,"RR 1.050 (95% CI 1.040-1.060) per 10 bpm resting HR, all-cause mortality",1.05,RR,,,,,True,False
hr_level,"resting heart rate (cohort-level, per 10 bpm increment)",clinical,"Seccareccia et al. 2001 — cohort-level estimate extracted from Zhang, Shen & Qi (2016), CMAJ (doi:10.1503/cmaj.150535), all-cause mortality, resting HR per 10 bpm [source=cohort-pull]",10.1503/cmaj.150535,,"Italy, cohort in Zhang, Shen & Qi (2016), CMAJ meta-analysis","n=2533, deaths=350",2533,up (higher resting HR -> higher all-cause mortality risk),1,"RR 1.060 (95% CI 1.030-1.100) per 10 bpm resting HR, all-cause mortality",1.06,RR,,,,,True,False
hr_level,"resting heart rate (cohort-level, per 10 bpm increment)",clinical,"Savonen et al. 2006 — cohort-level estimate extracted from Zhang, Shen & Qi (2016), CMAJ (doi:10.1503/cmaj.150535), all-cause mortality, resting HR per 10 bpm [source=cohort-pull]",10.1503/cmaj.150535,,"Finland, cohort in Zhang, Shen & Qi (2016), CMAJ meta-analysis","n=1378, deaths=146",1378,up (higher resting HR -> higher all-cause mortality risk),1,"RR 1.060 (95% CI 0.940-1.200) per 10 bpm resting HR, all-cause mortality",1.06,RR,,,,,True,False
hr_level,"resting heart rate (cohort-level, per 10 bpm increment)",clinical,"Kristal-Boneh et al. 2000 — cohort-level estimate extracted from Zhang, Shen & Qi (2016), CMAJ (doi:10.1503/cmaj.150535), all-cause mortality, resting HR per 10 bpm [source=cohort-pull]",10.1503/cmaj.150535,,"Israel, cohort in Zhang, Shen & Qi (2016), CMAJ meta-analysis","n=3537, deaths=135",3537,up (higher resting HR -> higher all-cause mortality risk),1,"RR 1.070 (95% CI 1.020-1.120) per 10 bpm resting HR, all-cause mortality",1.07,RR,,,,,True,False
hr_level,"resting heart rate (cohort-level, per 10 bpm increment)",clinical,"Okamura et al. 2004, women — cohort-level estimate extracted from Zhang, Shen & Qi (2016), CMAJ (doi:10.1503/cmaj.150535), all-cause mortality, resting HR per 10 bpm [source=cohort-pull]",10.1503/cmaj.150535,,"Japan, cohort in Zhang, Shen & Qi (2016), CMAJ meta-analysis","n=5906, deaths=731",5906,up (higher resting HR -> higher all-cause mortality risk),1,"RR 1.070 (95% CI 0.910-1.260) per 10 bpm resting HR, all-cause mortality",1.07,RR,,,,,True,False
hr_level,"resting heart rate (cohort-level, per 10 bpm increment)",clinical,"Floyd et al. 2014 — cohort-level estimate extracted from Zhang, Shen & Qi (2016), CMAJ (doi:10.1503/cmaj.150535), all-cause mortality, resting HR per 10 bpm [source=cohort-pull]",10.1503/cmaj.150535,,"US, cohort in Zhang, Shen & Qi (2016), CMAJ meta-analysis","n=1991, deaths=1326",1991,up (higher resting HR -> higher all-cause mortality risk),1,"RR 1.080 (95% CI 1.010-1.160) per 10 bpm resting HR, all-cause mortality",1.08,RR,,,,,True,False
hr_level,"resting heart rate (cohort-level, per 10 bpm increment)",clinical,"O Hartaigh et al. 2014 (NSHD) — cohort-level estimate extracted from Zhang, Shen & Qi (2016), CMAJ (doi:10.1503/cmaj.150535), all-cause mortality, resting HR per 10 bpm [source=cohort-pull]",10.1503/cmaj.150535,,"NSHD; cohort in Zhang, Shen & Qi (2016), CMAJ","n=2865, deaths=246",2865,up (higher resting HR -> higher all-cause mortality risk),1,"RR 1.080 (95% CI 1.030-1.130) per 10 bpm resting HR, all-cause mortality",1.08,RR,,,,,True,False
hr_level,"resting heart rate (cohort-level, per 10 bpm increment)",clinical,"Jensen et al. 2011 (a) — cohort-level estimate extracted from Zhang, Shen & Qi (2016), CMAJ (doi:10.1503/cmaj.150535), all-cause mortality, resting HR per 10 bpm [source=cohort-pull]",10.1503/cmaj.150535,,"a (Denmark); cohort in Zhang, Shen & Qi (2016), CMAJ","n=16516, deaths=8709",16516,up (higher resting HR -> higher all-cause mortality risk),1,"RR 1.080 (95% CI 1.040-1.120) per 10 bpm resting HR, all-cause mortality",1.08,RR,,,,,True,False
hr_level,"resting heart rate (cohort-level, per 10 bpm increment)",clinical,"Tverdal et al. 2008, women — cohort-level estimate extracted from Zhang, Shen & Qi (2016), CMAJ (doi:10.1503/cmaj.150535), all-cause mortality, resting HR per 10 bpm [source=cohort-pull]",10.1503/cmaj.150535,,"Norway, cohort in Zhang, Shen & Qi (2016), CMAJ meta-analysis","n=199490, deaths=3895",199490,up (higher resting HR -> higher all-cause mortality risk),1,"RR 1.090 (95% CI 1.060-1.120) per 10 bpm resting HR, all-cause mortality",1.09,RR,,,,,True,False
hr_level,"resting heart rate (cohort-level, per 10 bpm increment)",clinical,"Mai et al. 2009 — cohort-level estimate extracted from Zhang, Shen & Qi (2016), CMAJ (doi:10.1503/cmaj.150535), all-cause mortality, resting HR per 10 bpm [source=cohort-pull]",10.1503/cmaj.150535,,"China, cohort in Zhang, Shen & Qi (2016), CMAJ meta-analysis","n=9856, deaths=1523",9856,up (higher resting HR -> higher all-cause mortality risk),1,"RR 1.100 (95% CI 1.000-1.220) per 10 bpm resting HR, all-cause mortality",1.1,RR,,,,,True,False
hr_level,"resting heart rate (cohort-level, per 10 bpm increment)",clinical,"Okamura et al. 2004, men — cohort-level estimate extracted from Zhang, Shen & Qi (2016), CMAJ (doi:10.1503/cmaj.150535), all-cause mortality, resting HR per 10 bpm [source=cohort-pull]",10.1503/cmaj.150535,,"Japan, cohort in Zhang, Shen & Qi (2016), CMAJ meta-analysis","n=4640, deaths=875",4640,up (higher resting HR -> higher all-cause mortality risk),1,"RR 1.110 (95% CI 0.980-1.260) per 10 bpm resting HR, all-cause mortality",1.11,RR,,,,,True,False
hr_level,"resting heart rate (cohort-level, per 10 bpm increment)",clinical,"Jensen et al. 2011 (b) — cohort-level estimate extracted from Zhang, Shen & Qi (2016), CMAJ (doi:10.1503/cmaj.150535), all-cause mortality, resting HR per 10 bpm [source=cohort-pull]",10.1503/cmaj.150535,,"b (Denmark); cohort in Zhang, Shen & Qi (2016), CMAJ","n=16516, deaths=8709",16516,up (higher resting HR -> higher all-cause mortality risk),1,"RR 1.110 (95% CI 1.080-1.140) per 10 bpm resting HR, all-cause mortality",1.11,RR,,,,,True,False
hr_level,"resting heart rate (cohort-level, per 10 bpm increment)",clinical,"Hansen et al. 2008 — cohort-level estimate extracted from Zhang, Shen & Qi (2016), CMAJ (doi:10.1503/cmaj.150535), all-cause mortality, resting HR per 10 bpm [source=cohort-pull]",10.1503/cmaj.150535,,"Multiple, cohort in Zhang, Shen & Qi (2016), CMAJ meta-analysis","n=6928, deaths=850",6928,up (higher resting HR -> higher all-cause mortality risk),1,"RR 1.120 (95% CI 1.030-1.210) per 10 bpm resting HR, all-cause mortality",1.12,RR,,,,,True,False
hr_level,"resting heart rate (cohort-level, per 10 bpm increment)",clinical,"Kado et al. 2002 — cohort-level estimate extracted from Zhang, Shen & Qi (2016), CMAJ (doi:10.1503/cmaj.150535), all-cause mortality, resting HR per 10 bpm [source=cohort-pull]",10.1503/cmaj.150535,,"US, cohort in Zhang, Shen & Qi (2016), CMAJ meta-analysis","n=9702, deaths=1947",9702,up (higher resting HR -> higher all-cause mortality risk),1,"RR 1.120 (95% CI 1.070-1.170) per 10 bpm resting HR, all-cause mortality",1.12,RR,,,,,True,False
hr_level,"resting heart rate (cohort-level, per 10 bpm increment)",clinical,"Cooney et al. 2010, men — cohort-level estimate extracted from Zhang, Shen & Qi (2016), CMAJ (doi:10.1503/cmaj.150535), all-cause mortality, resting HR per 10 bpm [source=cohort-pull]",10.1503/cmaj.150535,,"Finland, cohort in Zhang, Shen & Qi (2016), CMAJ meta-analysis","n=10519, deaths=806",10519,up (higher resting HR -> higher all-cause mortality risk),1,"RR 1.120 (95% CI 1.070-1.180) per 10 bpm resting HR, all-cause mortality",1.12,RR,,,,,True,False
hr_level,"resting heart rate (cohort-level, per 10 bpm increment)",clinical,"Cooney et al. 2010, women — cohort-level estimate extracted from Zhang, Shen & Qi (2016), CMAJ (doi:10.1503/cmaj.150535), all-cause mortality, resting HR per 10 bpm [source=cohort-pull]",10.1503/cmaj.150535,,"Finland, cohort in Zhang, Shen & Qi (2016), CMAJ meta-analysis","n=11334, deaths=408",11334,up (higher resting HR -> higher all-cause mortality risk),1,"RR 1.140 (95% CI 1.060-1.220) per 10 bpm resting HR, all-cause mortality",1.14,RR,,,,,True,False
hr_level,"resting heart rate (cohort-level, per 10 bpm increment)",clinical,"Tverdal et al. 2008, men — cohort-level estimate extracted from Zhang, Shen & Qi (2016), CMAJ (doi:10.1503/cmaj.150535), all-cause mortality, resting HR per 10 bpm [source=cohort-pull]",10.1503/cmaj.150535,,"Norway, cohort in Zhang, Shen & Qi (2016), CMAJ meta-analysis","n=180353, deaths=5056",180353,up (higher resting HR -> higher all-cause mortality risk),1,"RR 1.140 (95% CI 1.110-1.170) per 10 bpm resting HR, all-cause mortality",1.14,RR,,,,,True,False
hr_level,"resting heart rate (cohort-level, per 10 bpm increment)",clinical,"Ho et al. 2014 — cohort-level estimate extracted from Zhang, Shen & Qi (2016), CMAJ (doi:10.1503/cmaj.150535), all-cause mortality, resting HR per 10 bpm [source=cohort-pull]",10.1503/cmaj.150535,,"US, cohort in Zhang, Shen & Qi (2016), CMAJ meta-analysis","n=4058, deaths=1186",4058,up (higher resting HR -> higher all-cause mortality risk),1,"RR 1.150 (95% CI 1.100-1.210) per 10 bpm resting HR, all-cause mortality",1.15,RR,,,,,True,False
hr_level,"resting heart rate (cohort-level, per 10 bpm increment)",clinical,"Nilsson et al. 2001, men — cohort-level estimate extracted from Zhang, Shen & Qi (2016), CMAJ (doi:10.1503/cmaj.150535), all-cause mortality, resting HR per 10 bpm [source=cohort-pull]",10.1503/cmaj.150535,,"Sweden, cohort in Zhang, Shen & Qi (2016), CMAJ meta-analysis","n=22444, deaths=1902",22444,up (higher resting HR -> higher all-cause mortality risk),1,"RR 1.170 (95% CI 1.120-1.230) per 10 bpm resting HR, all-cause mortality",1.17,RR,,,,,True,False
hr_level,"resting heart rate (cohort-level, per 10 bpm increment)",clinical,"Wang et al. 2014 — cohort-level estimate extracted from Zhang, Shen & Qi (2016), CMAJ (doi:10.1503/cmaj.150535), all-cause mortality, resting HR per 10 bpm [source=cohort-pull]",10.1503/cmaj.150535,,"China, cohort in Zhang, Shen & Qi (2016), CMAJ meta-analysis","n=92562, deaths=1589",92562,up (higher resting HR -> higher all-cause mortality risk),1,"RR 1.180 (95% CI 1.130-1.230) per 10 bpm resting HR, all-cause mortality",1.18,RR,,,,,True,False
hr_level,"resting heart rate (cohort-level, per 10 bpm increment)",clinical,"Mensink et al. 1997, women — cohort-level estimate extracted from Zhang, Shen & Qi (2016), CMAJ (doi:10.1503/cmaj.150535), all-cause mortality, resting HR per 10 bpm [source=cohort-pull]",10.1503/cmaj.150535,,"Germany, cohort in Zhang, Shen & Qi (2016), CMAJ meta-analysis","n=2929, deaths=207",2929,up (higher resting HR -> higher all-cause mortality risk),1,"RR 1.180 (95% CI 1.050-1.340) per 10 bpm resting HR, all-cause mortality",1.18,RR,,,,,True,False
hr_level,"resting heart rate (cohort-level, per 10 bpm increment)",clinical,"Inoue et al. 2012 — cohort-level estimate extracted from Zhang, Shen & Qi (2016), CMAJ (doi:10.1503/cmaj.150535), all-cause mortality, resting HR per 10 bpm [source=cohort-pull]",10.1503/cmaj.150535,,"Japan, cohort in Zhang, Shen & Qi (2016), CMAJ meta-analysis","n=2583, deaths=454",2583,up (higher resting HR -> higher all-cause mortality risk),1,"RR 1.230 (95% CI 1.120-1.350) per 10 bpm resting HR, all-cause mortality",1.23,RR,,,,,True,False
hr_level,"resting heart rate (cohort-level, per 10 bpm increment)",clinical,"Johansen et al. 2013 — cohort-level estimate extracted from Zhang, Shen & Qi (2016), CMAJ (doi:10.1503/cmaj.150535), all-cause mortality, resting HR per 10 bpm [source=cohort-pull]",10.1503/cmaj.150535,,"Denmark, cohort in Zhang, Shen & Qi (2016), CMAJ meta-analysis","n=653, deaths=80",653,up (higher resting HR -> higher all-cause mortality risk),1,"RR 1.230 (95% CI 1.020-1.490) per 10 bpm resting HR, all-cause mortality",1.23,RR,,,,,True,False
hr_level,"resting heart rate (cohort-level, per 10 bpm increment)",clinical,"Mensink et al. 1997, men — cohort-level estimate extracted from Zhang, Shen & Qi (2016), CMAJ (doi:10.1503/cmaj.150535), all-cause mortality, resting HR per 10 bpm [source=cohort-pull]",10.1503/cmaj.150535,,"Germany, cohort in Zhang, Shen & Qi (2016), CMAJ meta-analysis","n=1827, deaths=205",1827,up (higher resting HR -> higher all-cause mortality risk),1,"RR 1.300 (95% CI 1.160-1.460) per 10 bpm resting HR, all-cause mortality",1.3,RR,,,,,True,False
hr_level,"resting heart rate (cohort-level, per 10 bpm increment)",clinical,"Woodward et al. 2012 — cohort-level estimate extracted from Zhang, Shen & Qi (2016), CMAJ (doi:10.1503/cmaj.150535), all-cause mortality, resting HR per 10 bpm [source=cohort-pull]",10.1503/cmaj.150535,,"Asia-Pacific region, cohort in Zhang, Shen & Qi (2016), CMAJ meta-analysis","n=112680, deaths=6086",112680,up (higher resting HR -> higher all-cause mortality risk),1,"RR 1.400 (95% CI 1.330-1.480) per 10 bpm resting HR, all-cause mortality",1.4,RR,,,,,True,False
hr_level,"resting heart rate (cohort-level, per 10 bpm increment)",clinical,"Hoes et al. 1993 (Zoetermeer), men — cohort-level estimate extracted from Aune et al. (2017), Nutr Metab Cardiovasc Dis (doi:10.1016/j.numecd.2017.04.004), all-cause mortality, resting HR per 10 bpm [source=cohort-pull]",10.1016/j.numecd.2017.04.004,,"Zoetermeer; cohort in Aune et al. (2017), Nutr Metab Cardiovasc Dis","n=6057, deaths=307",6057,up (higher resting HR -> higher all-cause mortality risk),1,"RR 1.100 (95% CI 1.010-1.200) per 10 bpm resting HR, all-cause mortality",1.1,RR,,,,,True,False
hr_level,"resting heart rate (cohort-level, per 10 bpm increment)",clinical,"Hoes et al. 1993 (Zoetermeer), women — cohort-level estimate extracted from Aune et al. (2017), Nutr Metab Cardiovasc Dis (doi:10.1016/j.numecd.2017.04.004), all-cause mortality, resting HR per 10 bpm [source=cohort-pull]",10.1016/j.numecd.2017.04.004,,"Zoetermeer; cohort in Aune et al. (2017), Nutr Metab Cardiovasc Dis","n=6057, deaths=270",6057,up (higher resting HR -> higher all-cause mortality risk),1,"RR 1.020 (95% CI 0.930-1.130) per 10 bpm resting HR, all-cause mortality",1.02,RR,,,,,True,False
hr_level,"resting heart rate (cohort-level, per 10 bpm increment)",clinical,"Kikuya et al. 2008 (Ohasama) — cohort-level estimate extracted from Aune et al. (2017), Nutr Metab Cardiovasc Dis (doi:10.1016/j.numecd.2017.04.004), all-cause mortality, resting HR per 10 bpm [source=cohort-pull]",10.1016/j.numecd.2017.04.004,,"Ohasama; cohort in Aune et al. (2017), Nutr Metab Cardiovasc Dis","n=2455, deaths=462",2455,up (higher resting HR -> higher all-cause mortality risk),1,"RR 1.277 (95% CI 1.143-1.414) per 10 bpm resting HR, all-cause mortality (rescaled to per-10bpm from the study's originally reported per-X-bpm estimate assuming log-linearity)",1.2768,RR,,,,,True,False
hr_level,"resting heart rate (cohort-level, per 10 bpm increment)",clinical,"Puddu et al. 2011 (Seven Countries) — cohort-level estimate extracted from Aune et al. (2017), Nutr Metab Cardiovasc Dis (doi:10.1016/j.numecd.2017.04.004), all-cause mortality, resting HR per 10 bpm [source=cohort-pull]",10.1016/j.numecd.2017.04.004,,"Seven Countries; cohort in Aune et al. (2017), Nutr Metab Cardiovasc Dis","n=6554, deaths=5590",6554,up (higher resting HR -> higher all-cause mortality risk),1,"RR 1.056 (95% CI 1.032-1.079) per 10 bpm resting HR, all-cause mortality (rescaled to per-10bpm from the study's originally reported per-X-bpm estimate assuming log-linearity)",1.0556,RR,,,,,True,False
hr_level,"resting heart rate (cohort-level, per 10 bpm increment)",clinical,"Pittaras et al. 2013 (VA Med Centers) — cohort-level estimate extracted from Aune et al. (2017), Nutr Metab Cardiovasc Dis (doi:10.1016/j.numecd.2017.04.004), all-cause mortality, resting HR per 10 bpm [source=cohort-pull]",10.1016/j.numecd.2017.04.004,,"VA Med Centers; cohort in Aune et al. (2017), Nutr Metab Cardiovasc Dis","n=18462, deaths=5100",18462,up (higher resting HR -> higher all-cause mortality risk),1,"RR 1.094 (95% CI 1.062-1.116) per 10 bpm resting HR, all-cause mortality (rescaled to per-10bpm from the study's originally reported per-X-bpm estimate assuming log-linearity)",1.0937,RR,,,,,True,False
hr_level,"resting heart rate (cohort-level, per 10 bpm increment)",clinical,"Stessman et al. 2013 (Jerusalem), age 70-77 — cohort-level estimate extracted from Aune et al. (2017), Nutr Metab Cardiovasc Dis (doi:10.1016/j.numecd.2017.04.004), all-cause mortality, resting HR per 10 bpm [source=cohort-pull]",10.1016/j.numecd.2017.04.004,,"Jerusalem; cohort in Aune et al. (2017), Nutr Metab Cardiovasc Dis","n=2353, deaths=635",2353,up (higher resting HR -> higher all-cause mortality risk),1,"RR 1.130 (95% CI 0.870-1.470) per 10 bpm resting HR, all-cause mortality",1.13,RR,,,,,True,False
hr_level,"resting heart rate (cohort-level, per 10 bpm increment)",clinical,"Stessman et al. 2013 (Jerusalem), age 78-84 — cohort-level estimate extracted from Aune et al. (2017), Nutr Metab Cardiovasc Dis (doi:10.1016/j.numecd.2017.04.004), all-cause mortality, resting HR per 10 bpm [source=cohort-pull]",10.1016/j.numecd.2017.04.004,,"Jerusalem; cohort in Aune et al. (2017), Nutr Metab Cardiovasc Dis","n=2353, deaths=635",2353,up (higher resting HR -> higher all-cause mortality risk),1,"RR 1.350 (95% CI 1.110-1.650) per 10 bpm resting HR, all-cause mortality",1.35,RR,,,,,True,False
hr_level,"resting heart rate (cohort-level, per 10 bpm increment)",clinical,"Stessman et al. 2013 (Jerusalem), age 85-90 — cohort-level estimate extracted from Aune et al. (2017), Nutr Metab Cardiovasc Dis (doi:10.1016/j.numecd.2017.04.004), all-cause mortality, resting HR per 10 bpm [source=cohort-pull]",10.1016/j.numecd.2017.04.004,,"Jerusalem; cohort in Aune et al. (2017), Nutr Metab Cardiovasc Dis","n=2353, deaths=635",2353,up (higher resting HR -> higher all-cause mortality risk),1,"RR 1.170 (95% CI 1.010-1.370) per 10 bpm resting HR, all-cause mortality",1.17,RR,,,,,True,False
hr_level,"resting heart rate (cohort-level, per 10 bpm increment)",clinical,"Korshoj et al. 2015 (Belgian Fitness) — cohort-level estimate extracted from Aune et al. (2017), Nutr Metab Cardiovasc Dis (doi:10.1016/j.numecd.2017.04.004), all-cause mortality, resting HR per 10 bpm [source=cohort-pull]",10.1016/j.numecd.2017.04.004,,"Belgian Fitness; cohort in Aune et al. (2017), Nutr Metab Cardiovasc Dis","n=439, deaths=48",439,up (higher resting HR -> higher all-cause mortality risk),1,"RR 1.340 (95% CI 0.980-1.830) per 10 bpm resting HR, all-cause mortality",1.34,RR,,,,,True,False
hr_level,"resting heart rate (cohort-level, per 10 bpm increment)",clinical,"Parikh et al. 2016 (Jackson Heart) — cohort-level estimate extracted from Aune et al. (2017), Nutr Metab Cardiovasc Dis (doi:10.1016/j.numecd.2017.04.004), all-cause mortality, resting HR per 10 bpm [source=cohort-pull]",10.1016/j.numecd.2017.04.004,,"Jackson Heart; cohort in Aune et al. (2017), Nutr Metab Cardiovasc Dis","n=5261, deaths=510",5261,up (higher resting HR -> higher all-cause mortality risk),1,"RR 1.300 (95% CI 1.210-1.416) per 10 bpm resting HR, all-cause mortality (rescaled to per-10bpm from the study's originally reported per-X-bpm estimate assuming log-linearity)",1.2996,RR,,,,,True,False
hr_level,"resting heart rate (cohort-level, per 10 bpm increment)",clinical,"Alhalabi et al. 2017 (NHANES III) — cohort-level estimate extracted from Aune et al. (2017), Nutr Metab Cardiovasc Dis (doi:10.1016/j.numecd.2017.04.004), all-cause mortality, resting HR per 10 bpm [source=cohort-pull]",10.1016/j.numecd.2017.04.004,,"NHANES III; cohort in Aune et al. (2017), Nutr Metab Cardiovasc Dis","n=6743, deaths=2212",6743,up (higher resting HR -> higher all-cause mortality risk),1,"RR 1.200 (95% CI 1.160-1.240) per 10 bpm resting HR, all-cause mortality",1.2,RR,,,,,True,False
hr_level,"resting heart rate (cohort-level, per 10 bpm increment)",clinical,"O Hartaigh et al. 2014 (CHS) — cohort-level estimate extracted from Aune et al. (2017), Nutr Metab Cardiovasc Dis (doi:10.1016/j.numecd.2017.04.004), all-cause mortality, resting HR per 10 bpm [source=cohort-pull]",10.1016/j.numecd.2017.04.004,,"CHS; cohort in Aune et al. (2017), Nutr Metab Cardiovasc Dis","n=5691, deaths=974",5691,up (higher resting HR -> higher all-cause mortality risk),1,"RR 1.330 (95% CI 1.260-1.400) per 10 bpm resting HR, all-cause mortality",1.33,RR,,,,,True,False
hr_level,"resting heart rate (cohort-level, per 10 bpm increment)",clinical,"Sharashova et al. 2016 (Tromso Study), men — cohort-level estimate extracted from Aune et al. (2017), Nutr Metab Cardiovasc Dis (doi:10.1016/j.numecd.2017.04.004), all-cause mortality, resting HR per 10 bpm [source=cohort-pull]",10.1016/j.numecd.2017.04.004,,"Tromso Study; cohort in Aune et al. (2017), Nutr Metab Cardiovasc Dis","n=24489, deaths=1918",24489,up (higher resting HR -> higher all-cause mortality risk),1,"RR 1.229 (95% CI 1.206-1.253) per 10 bpm resting HR, all-cause mortality (per-10bpm trend fitted from published dose-response points via weighted log-linear regression through the reference category)",1.2291,RR,,,,,True,False
hr_level,"resting heart rate (cohort-level, per 10 bpm increment)",clinical,"Sharashova et al. 2016 (Tromso Study), women — cohort-level estimate extracted from Aune et al. (2017), Nutr Metab Cardiovasc Dis (doi:10.1016/j.numecd.2017.04.004), all-cause mortality, resting HR per 10 bpm [source=cohort-pull]",10.1016/j.numecd.2017.04.004,,"Tromso Study; cohort in Aune et al. (2017), Nutr Metab Cardiovasc Dis","n=24489, deaths=1796",24489,up (higher resting HR -> higher all-cause mortality risk),1,"RR 1.158 (95% CI 1.140-1.177) per 10 bpm resting HR, all-cause mortality (per-10bpm trend fitted from published dose-response points via weighted log-linear regression through the reference category)",1.1584,RR,,,,,True,False
